,동남아,,미주,,남태평양,,유럽/아프리카,,일본,,중국,,국내,,Global,노랑풍선,
YY-MM,정치·경제·사회,여행산업,정치·경제·사회,여행산업,정치·경제·사회,여행산업,정치·경제·사회,여행산업,정치·경제·사회,여행산업,정치·경제·사회,여행산업,정치·경제·사회,여행산업,공통,,
2018-01-01,,,,,,,,,,,,,,,,,
2018-01-02,,,,,,,,,,,,,,,,,
2018-01-03,,,,,,,,,,,,,,,,,
2018-01-04,,,,,,,,,,,,,"요즘 소비 트렌드는 ""소박해도 확실한 행복""…유명 관광지보다 조용한 소도시, 가성비 대신 가심비 추구",,,,
2018-01-05,,,,,,,,,,,,,,,,,
2018-01-06,,,,,,,,,,,,,,,,,
2018-01-07,,,,,,파푸아뉴기니 북부 섬서 화산 분화해 주민 600여명 대피,,,,,,,,,,,
2018-01-08,,,,,,,,,,,,,,,,,
2018-01-09,,,,,,,,스위스 체르마트에 폭설내려 여행객 포함 1만3000여명 고립,,,,,"2017 국가고객만족도(NCSI), 75.6점으로 역대 최고치 기록_호텔서비스업종이 최고점",,,,
2018-01-10,,,"캘리포니아 산사태로 15명 사망, 24명 실종",,,,,,,,,,,,,,
2018-01-11,,,,,,,,,,,,,,"폭설로 제주공항 출∙도착 151편 결항, 13편 회항
 
 볼리비아 명소 '티티카카 호수'서 홀로 여행중이던 40대 한국인 여성 시신 발견","국제유가 상승 지속…서부 텍사스산 원유(WTI), 2014년 12월 이후 3년만에 63달러 돌파",,
2018-01-12,,,,,,,,,,,,,,,,,
2018-01-13,,,,,,,터키 페가수스 항공 소속 여갱기 착륙 도중 활주로 이탈_168명 무사 구조,,,,,,,,,,
2018-01-14,,태국 피피섬 인근서 쾌속선 폭발해 중국인 관광객 등 16명 부상,"페루 남부 해안 지역서 규모 7.1 강진 발생_2명 사망, 광산붕괴로 17명 실종
 
 하와이 전역에 '탄도미사일' 비상경보 발령 실수",,,,,,,,,,,,,,
2018-01-15,,,,,,,,,,,,,,,,,
2018-01-16,,,,,,,,,"일본 NHK, '북 미사일 발사' 속보 후 5분 만에 취소…하와이 이어 북 미사일 오보 소동",,,,,국제유가 상승에 2월 국제선 유류할증료 3단계에서 4단계로 인상_편도 기준 최대 4만5100원,,,
2018-01-17,,,,,,,,,,,,,,,,,
2018-01-18,,,,,,,폭풍 '프레데릭' 유럽 지역 강타_4개국에서 최소 10명 사망,,,,지난해 중국 경제성장률 6.9%…2010년 이후 7년 만에 반등,,"한은, 기준금리 1.5% 동결, 올해 경장률 3%로 관측",,,,
2018-01-19,,,,,,,,,,,,,,,,,
2018-01-20,,,미국 연방정부 4년여만에 '셧다운'_불법이민 정책 '다카'에 관한 입장차가 가장 큰 요인,,,,,"체코 프라하 시내 호텔에서 화재 발생해 한국인 여대생 1명 포함 4명 사망, 9명 부상",,,,,,,,,
2018-01-21,,,,,,,,,"일본 정부, 7개월 만에 경기전망 상향 조정",,,,"한국 OECD 경기선행지수, 38개월 만에 '100' 밑으로 떨어져…통계청 발표 선행 지수도 최근 3개월 연속 하락세",,"터키, 쿠르드 거점 시리아 공격해 민간인 최소 21명 사망…국제 사회, 터키에 군사 작전 즉각 중지 촉구",,
2018-01-22,,"캄보디아 씨엠립서 한국 중고교생 교통사고 당해, 외교부 ""8명 중 2명 위중""
 
 필리핀 중부 마욘화산 경보 수위 3단계에서 4단계 '위험한 폭발 가능성 임박' 으로 상향 조정","미국 연방정부 '셧다운' 종료 합의 
 
 美 정부, 수입 세탁기∙태양광 전지에 대해 '세이프가드(긴급수입제한조치)' 발동",,,,,,,,,,,"지난해 국내 LCC 이용객 5,701만명으로 전년 대비 78.9% 성장, FSC 탑승객은 30.1% 성장
 
 작년 방한 외국관광객 ,1334만명으로 전년 대비 22.7% 감소_중국인 관광객은 48.3% 감소한 417만명","IMF, 올해 세계 경제 성장률 3.9%로 전망_ 지난 10월 전망치보다 0.2%p 상향 조정",,
2018-01-23,,"필리핀 마욘화산 폭발해 용암 700m 상공까지 분출_대폭발 가능성 높아져 주민 6만여명 대피
 
 인도네시아 자바섬 남부 해저에서 규모 6.4 지진 발생…수도 자카르타 도심 건물들 흔들려 시민 혼란",,미국 알래스카주 코디악에서 280km 떨어진 태평양 해상에서 규모 7.9 강진 발생,,,,,"일본 군마현 쿠사츠시리네산 화산 분화_눈사태로 인근 스키장서 1명 사망, 10여명 부상",,,,"정부, WTO에 '美 세이프가드' 제소…보상 협의 실패시 대미 양허정지(미국 제품에 대한 무관세 또는 관세인하 조치 철회) 추진
 
 한국, 50일만에 EU가 지정한 '조세회피처 블랙리스트' 서 제외",,,,
2018-01-24,,,,,,,,,,,,,,"2017년 출입국 통계 자료 발표 ""지난해 외국 오간 한국인 5344만명으로 전년대비 17.9% 증가""",,,
2018-01-25,,,,,,,,,,,,,,,,,
2018-01-26,,,,,,,,,,,,,,,,,
2018-01-27,,,,,,,,,,,,,,,"아프가니스탄 수도 카불서 구급차 자폭테러_63명 사망, 151명 부상",,
2018-01-28,,,,,,,,,,,,,,,,,
2018-01-29,,,,,,,,,,,,,,"2017년 국제선 여객 전년 대비 5.4% 늘어난 7,696만명으로 집계_일본(26%), 동남아(17.9%), 유럽(16.1%) 순",,,
2018-01-30,,,,,,,2017년 유로존 경제성장률 2.5%로 10년래 최고치…미국 경제성장률 2.3% 도 뛰어 넘어,,,,,,,,,,
2018-01-31,,,"미 연준, 기준금리 1.25~1.50% 동결",,,,,,,,,,,,,,
2018-02-01,,"태국 빠통, 푸켓, 파타야 등 유명 해변 24곳, 1일부터 '금연지역' 지정",,브라질서 황열병 확산돼 카니발 축제 비상… 7개월간 사망자 81명,,,,,,,"중국 30억 인구, 2/1~3/12 40여일 간 설연휴 대이동",,,,,,
2018-02-02,,,,,,,,,,,,,,,,,
2018-02-03,,,,,,,,,,,,,,,,,
2018-02-04,,"대만 화롄 지역에서 최대 규모 5.8을 비롯해 1시간 동안 규모 4~5대의 지진 7차례 발생, 대만 전역서 진동 감지",,,,,,,,,,,,,,,
2018-02-05,,몰디브 15일간 국가비상사태 선포,,,,,,,,,,,,지난해 우리나라 여행수지 적자 171억 7천만달러로 사상 최대 기록_한국인 해외여행 증가가 주요 원인,,,
2018-02-06,,"대만 화롄 지역서 규모 6.4 강진 또다시 발생해 4명 사망, 240여명 부상","백악관, 올해 미국 기준금리 3차례 인상 전망",,,,,,,,,,,,,,
2018-02-07,,,,칠레서 우버 택시 교통사고로 한인 4명 사상,,,,,,,,,,,,,
2018-02-08,,,,,,,,,,,,,,"롯데면세점, 인천국제공항 제1터미널서 주류∙담배 등 일부 매장 제외하고 매장 철수",,,
2018-02-09,,,,,,,,,,,,,,"2018 평창올림픽 개막, 2/25일까지 17일간 개최",,,
2018-02-10,,,,,,,,,,,,,,,,,
2018-02-11,,,,,,,,"러시아서 승무원 6명 포함 71명 탑승한 국내선, 이륙 5분만에 추락해 전원 사망_사고 원인은 밝혀지지 않아",,,,,,,,,
2018-02-12,,,,,,,,,,,,중국 베이징 남부 지역서 규모 4.3 지진 발생,,,,,
2018-02-13,,,,,,,,,,,,,,올해 설 연휴(2/14~2/19) 48만명 해외로…작년 설 연휴(1/26~1/31)보다 15% 증가,,,
2018-02-14,,,"미국 플로리다 고등학교서 총기난사 사건 발생_ 17명 사망, 15명 부상",,,,,,,,,,,,,,
2018-02-15,,,,,,,,,,,,,,,,,
2018-02-16,,,,멕시코 남부서 규모 7.2 강진 발생,,,,,,,,,,,,,
2018-02-17,,,,,,,,,,,,,,,,,
2018-02-18,,,,,,,러시아 남부 교회서 IS소행으로 추정되는 총기 난사 사건 발생_5명 사망,,,,,,"한국문화관광연구원, ""공휴일 하루 증가시 예상되는 경제적 편익 12조5000억원""",,,,
2018-02-19,,,,,,,,,,,,,,"국제선 유류할증료 4단계에서 5단계로 상승, 편도 기준 최고 5만6100원 
 
 인천공항 정시 출발률 50.04%로 1위인 시애틀공항 88.5%에 비해 크게 떨어져",,,
2018-02-20,,,,,,,,,,,,,,,,,
2018-02-21,,몰디브 국가 비상사태 30일 연장,,,,,,,,,,,,,,,
2018-02-22,"인도네시아 자바섬서 산사태 발생해 5명 사망, 15명 실종",,,,,,,,,,,,,,,,
2018-02-23,,,,,,,,,,,,,,,,,
2018-02-24,,,,,,,,,,,,,,,,,
2018-02-25,,,,,,,,,,,"중국 공산당 중앙위, 국가주석 임기제한 조항 삭제 추진_시진핑 15년 장기집권 길 열려",,,,,,
2018-02-26,인도네시아 동부서 규모 6.1 지진,,,,"파푸아뉴기니서 규모 7.5 강진 발생_10명 사망, 인근 원유∙가스시설 운영 중단",,,,,,,,,"카카오, 여행 플랫폼 사업 진출 추진_주주총회서 정관에 '여행업' 추가 안건 논의",,,
2018-02-27,,,,,,,,,,,,,"한은 기준금리 동결 _1.50% 유지
 
 주당 최대 근로시간(법정근로시간) 68시간에서 52시간으로 단축하는 근로기준법 개정안 통과_ 여행산업 수혜 기대","LCC, 중국행 노선 재개_ 티웨이 1년만에 원저우행 재개∙4월부터 웨이하이 노선 취항, 제주항공 옌타이행 추가
 
 마이리얼트립, 4월말부터 항공서비스 시작",,,
2018-02-28,,,,,,,,,,,,,,"LCC, 중국행 노선 재개_ 티웨이 1년만에 원저우행 재개∙5월부터 웨이하이 노선 취항, 제주항공 옌타이행 추가",,,
2018-03-01,,,,,,,,,,,,,,,,,
2018-03-02,,,,,,,,,,,,,,,,,
2018-03-03,,,,,,,,,,,,,,,,,
2018-03-04,,,,,,,"영국서 전직 러시아 스파이 암살 시도 사건 발생_영국, 러시아 외교관 23명 추방 조치",,,,,,,,,,
2018-03-05,,,,,,,,,,,중국 올해 경제성장률 6.5% 제시_작년 경제률 6.9%보다 낮은 목표치,,,"마이리얼트립, 4월부터 항공서비스 시작",,,
2018-03-06,,,,,,,,,,,,,,"1월 여행수지, 21억 6천만달러 적자로 2017년 7월 17억 9천만달러 깨고 역대 최대 적자 기록",,,
2018-03-07,,,,,,,,,,,,,,,,,
2018-03-08,,,,,,,,,,,,,,,,,
2018-03-09,,,,,,,,,,,,,,,,,
2018-03-10,,,,,,,,,,,,,,,,,
2018-03-11,,,,,,,,,,,,,,,,,
2018-03-12,,,,,,,,,,,,,,,,,
2018-03-13,,,,,,,,,,,,,,,,,
2018-03-14,,,,,,,,,,,,,,,,,
2018-03-15,,,,,,,,,,,,,한국의 대미(對美) 무역흑자 179억달러로 전년 대비 23.2%(54억달러) 급감,,,,
2018-03-16,,,,,,,,,,,,,,,,,
2018-03-17,,,,,,,,,,,,,,국제선 유류할증료 7개월만에 5단계에서 4단계로 하락,,,
2018-03-18,,,,,,,"러시아 대선 90% 개표 결과, 푸틴 76.41%로 압승",,,,,,,,,,
2018-03-19,,,,,,,,,,,,,,,,,
2018-03-20,,,미 텍사스주서 보름간 5차례 연쇄 폭발물 테러 발생해 미 당국 수사중,,,,,,,,,,,,,,
2018-03-21,,,"미 연준, 기준금리 0.25%p 인상_1.5~1.75%",,,,,,,,,,,,,,
2018-03-22,,"인도네시아 자바섬 관광지인 '이젠 화산'서 유독가스 분출돼 30명 병원이송
 
 몰디브 국가비상사태 해제",,,,,,,,,,,"검찰, 이명박 전 대통령 구속영장 집행
 
 문대통령, 22일~28일 베트남과 아랍에미레이트 방문해 경제 협력 관계 구축",,"미 트럼프 대통령, 중국산 수입품에 54조원 관세 부과 지시_미-중 무역전쟁 발발",,
2018-03-23,,,,,,,,,"일본, '아베 총리 퇴진 요구'하며 시민 1만명 촛불집회",,,,"한국, 미 철강관세 4월말까지 유예…영구면제 협상은 계속",,,,
2018-03-24,,,,,파푸아뉴기니서 규모 6.3 지진 발생,,,,,,,,,,,,
2018-03-25,,,,,,,,러시아 대형 쇼핑몰에서 화재 발생해 37명 사망,,,,,,,,,
2018-03-26,인도네시아 동쪽해상서 규모 6.4 지진 발생,,,,,,,,,,,,"서울, 경기지역 미세먼지 2015년 관측 이래 '역대 최악의 농도'…미세먼지 비상저감조치 시행",,,,
2018-03-27,,,,,,,,,,,,,,,,,
2018-03-28,,,,,,,,오스트리아서 한국인 관광객 버스사고(롯데관광)_35명 부상,,,,,,,,,
2018-03-29,,,,,,,,,,,,,남북정상회담 4월 27일 개최 합의,,,,
2018-03-30,,,,,,,,,,,,,,,,,
2018-03-31,,,,,,,,,,,,,,,,,
2018-04-01,,,,,,,,,,,,,,,,,
2018-04-02,,,,,,,,,,,,,,,,,
2018-04-03,,,,,,,,,,,,,,,,,
2018-04-04,,인도네시아 원유 유출사고로 비상사태 선포_5명 사망,,,,,,,,,,,,,,,
2018-04-05,,,"미국, 1333개 중국산 품목에 25% 관세 부과",,,,,,,,"중국, 미국 관세 폭탄에 대응하여 106개 품목의 미국산 제품에 25% 관세 부과",,,,,,
2018-04-06,,,,,,,,,,,,,,,,,
2018-04-07,,,,,,,,,,,,,,,,,
2018-04-08,,,,,,,,,,,,,,,,,
2018-04-09,,,,,,,,,,,,,,,,,
2018-04-10,,,,,,,,,,,,,,,,,
2018-04-11,,,,,,,,,,,,,"文대통령, 경제부처 의견 수렴해 어버이날 임시공휴일 내년 이후 검토",,"시리아 사태로 유가 급등, 3년 5개월만의 최고치 기록_서부 텍사스산 원유 전날보다 2% 상승한 66.82달러 마감",,
2018-04-12,,"필리핀항공, 보라카이 대체지역으로 7월 중 팔라완 직항취항 검토중",,,,,,,,,,,"한은, 기준금리 1.5% 동결",,,,
2018-04-13,,,,,,,,,,,,,,인천공항 T1 면세점 사업자 선정 위한 입찰공고 발표_신규 진입자 참여 위해 입찰 자격 일부 완화,,,
2018-04-14,,,,,,,,,,,,,,,,,
2018-04-15,,,,,,,,,,,,,,,,,
2018-04-16,,,,,,,,,,,,,,,,,
2018-04-17,,,,미 뉴욕발 댈러스행 사우스웨스트항공 여객기 비행중 엔진폭발로 불시착_1명 사망,,,,,,,,,,,IMF 올 세계경제 3.9% 성장전망 유지…美·유로존은 0.2%p 상향,,
2018-04-18,,,,미 델타항공 여객기 엔진서 화재 발생해 비상 착륙_인명 피해는 없어,,,,,,,,,,,,,
2018-04-19,,인천-보라카이(칼리보) 노선 운휴,,,,,,,,,"중국 부채비율, 2001년 1조7천억 달러에서 2016년 25조1천억 달러로 15배 급증",,,"경찰, 조현민 갑질 사건 관련 대한항공 본사 압수수색",,,
2018-04-20,,,,,,,,,,,"중국, 폐기물 추가 수입중단 품목 32가지 발표_폐전자제품, 폐 페트병 16가지 품목은 올해말부터 전면 금지",,,"필리핀항공, 인천∙부산발 팔라완 직항 신규 취항_6월 23일부터 데일리 운항",,,
2018-04-21,,,,,,,,,,,,,,,,,
2018-04-22,,,,,,,,,,,,"중국인 관광객, 북한에서 교통사고로 32명 사망",,,,,
2018-04-23,인도네시아 동부서 규모 5.6 지진 발생,,캐나다 토론토서 차량 돌진 테러로 한국인 2명 포함 10명 사망,,,,,,,,,,,,,,
2018-04-24,,,,,,,,,,,,,,,,,
2018-04-25,,,,,,,,2020년부터 EU 회원국 입국자 대상 입국허가심사 시스템 도입_1번 받으면 3년간 유효,,,,,,,,,
2018-04-26,,필리핀 보라카이섬 환경정화 위해 26일부터 6개월간 전면 폐쇄,,,,,,,,,,,,,,,
2018-04-27,,,,,,,,,"일본, 기준금리 -0.1%로 동결",,,,2007년 이후 11년만에 남북정상회담 개최,,,,
2018-04-28,,,,,,,,,,,,,,,,,
2018-04-29,,,,,,,,,,,,,,,,,
2018-04-30,,,,,,,,,,,,,,,,,
2018-05-01,,,,,,,,,,,,,,,,,
2018-05-02,,,"미 연준, 기준금리 1.5-1.75% 동결",,,,,,,,,,,,,,
2018-05-03,,,,,,,,,,,,,"통계청, 10대 경제지표 중 소매판매, 소비자심리지수 제외한 8개 지표 '하강∙둔화'로 하락 발표",,,,
2018-05-04,,,,"하와이 빅아일랜드 섬에서 규모 5.0지진 발생, 칼리우에야 화산 용암 분출",,,,,,,,,,"중국 우한 지역, 한국행 단체관광 허용…'롯데 불가' 단서 달고 허용. 전세기·크루즈는 여전히 금지",,,
2018-05-05,,,,,,,,,,,,,,,"국제유가, 2014년 11월 이후 3년6개월 만에 최고치_브렌트유 배럴당 75달러 돌파",,
2018-05-06,,,,하와이 빅아일랜드 섬에서 규모 6.9 강진 발생,,,,,,,,,,,,,
2018-05-07,,,,,,,,,,,,,,,,,
2018-05-08,,,,,,,,,,,,,,,,,
2018-05-09,,,,,,,,,,,,,제7차 한∙일∙중 정상회의 개최,"제주항공, 1분기 매출 3,086억으로 전년동기 대비 28.5% 증가_사상 최대 실적 기록",북한 억류 미국인 3명 석방,,
2018-05-10,,,,,,,,,,,,,,"중국, 롯데그룹 선양 공사 재개 허가_사드 보복 조치 전면 해제 수순 돌입","북한, 풍계리 핵실험장 건물 일부 철거_폐쇄 사전조치 돌입",,
2018-05-11,,,,,,,,,,,,,,,,,
2018-05-12,,,,,,,,,,,,,,,,,
2018-05-13,,,,,,,,,,,,,,,,,
2018-05-14,,,,,,,,,,,,,,,,,
2018-05-15,,,,,,,,,,,,,,,,,
2018-05-16,,,,,,,,,,,,,,,,,
2018-05-17,,,,,,,,,,,,,,,,,
2018-05-18,,,,"쿠바 국내선 항공기 기체 결함으로 추락_110명 사망, 3명 중태",,,,,,,,,,,,,
2018-05-19,,,,,,,,,,,,,,,,,
2018-05-20,,,,,,,,,,,,,,,,,
2018-05-21,,,,,,,,,,,,,,,,,
2018-05-22,,,,,,,,,,,,,,,,,
2018-05-23,,,,,,,,,,,,,,공무원 해외출장시 국적기 이용하는 GTR 제도 개선 추진_직접 예매에서 정부가 지정한 GTR여행사 통해 예매하도록,,,
2018-05-24,,,"미 트럼프 대통령, 북미 정상회담 취소",,,,,,,,,,,"마이리얼트립, 실시간 항공권 예약 서비스 오픈",,,
2018-05-25,,,,,,,,,,,,,,,,,
2018-05-26,,,,,,,,,,,,,비공개 남북정상회담 개최,,,,
2018-05-27,,,,,,,,,,,,,,,,,
2018-05-28,,,,,,,,,,,중국 지란성에서 5.7 규모 지진 발생,,,,,,
2018-05-29,,,,,,,벨기에서 경찰에 총격테러_경찰관 포함 4명 사망,,,,,,,,,,
2018-05-30,,,미 1분기 성장률 2.2%,,,,,,,,,,,,,,
2018-05-31,"말레이시아, 재정난에 국민들 크라우드펀딩 모금",,,,,,,,,,,,,,,,
2018-06-01,,,"미국, EU와 캐나다, 멕시코산 철강에 25% 고율 관세 부과",,,,,,,,,,,,,,
2018-06-02,,,,,,,,,,,,,,,,,
2018-06-03,,,,"멕시코 과테말라 '푸에고 화산' 폭발로 110명 사망, 197명 실종",,,,,,,,,,,,,
2018-06-04,,,,,,,,,,,,,,,,,
2018-06-05,,,,,,,,,,,,,,,,,
2018-06-06,,,,,,,,,,,,,,,,,
2018-06-07,,,,,,,,,,,,,,,,,
2018-06-08,,,,,,,,,,,,,,,,,
2018-06-09,,,,,,,,,,,,,,,,,
2018-06-10,,,,,,,,,,,,,,,,,
2018-06-11,,,,,,,,,,,,,,,,,
2018-06-12,,,,,,,,,,,,,,,6.12 북미정상회담 개최,,
2018-06-13,,,"미 연준, 기준금리 0.25%p 인상_1.75 - 2.0%",,,,,,,,,,6.13 지방선거 실시,,,,
2018-06-14,,,,,,,,,,,,,,"공무원 출장시 국적기 우선 이용하는 GTR제도 폐지
 
 정부, 부처별 항공권 예약 및 구매 대행 지원하는 '주거래여행사' 제도 도입
 
 한국관광공사, 한국관광 품질인증제 시행",,,
2018-06-15,,,,,,,,,,,,,,,,,
2018-06-16,,,,,,,,,,,,,,,,,
2018-06-17,,,,"미국 뉴저지 심야 축제서 총기 난사로 1명 사망, 22명 부상",,,,,,,,,,,,,
2018-06-18,,,,,,,,,,일본 오사카 규모 5.9 지진 발생,,,"무디스, 한국 국가신용등급 'Aa2' 유지…""지정학적 불확실성 여전""",,,,
2018-06-19,,,,,,,,,,,,,,,,,
2018-06-20,,,,,,,,,,,,,,,,,
2018-06-21,,,,,,,,,,,,,,"국토교통부, 진에어 면허취소 적용 1~2년 유예 방안 검토중",,,
2018-06-22,,,,,,,,,,,,,,,,,
2018-06-23,,,,,,,,,,,,,,,,,
2018-06-24,,,,,,,,,,,,,,,,,
2018-06-25,,,,,,,,,,,,,,,,,
2018-06-26,,,,,,,,,,,,,,,,,
2018-06-27,,,,,,,,,,,,,,,,,
2018-06-28,,,,,,,,,,,,,,,,,
2018-06-29,,"인도네시아 발리, 아궁화산 분화로 공항 잠정 폐쇄",,,,,,,,,,,,,,,
2018-06-30,,,,,,,,,,,,,,,,,
2018-07-01,,,,,,,,,,,,,,,,,
2018-07-02,,,,,,,,,,"일본, 외국인 관광객이 일본에서 5천엔 이상 물품 구매시 소비세 8% 면세 혜택 제공",,,,아시아나 기내식대란…국제선 82편 중 12편 기내식 못싣고 출발,,,
2018-07-03,,,,,,,,,,,,,,아시아나 기내식 납품 협력업체 대표 숨진채 발견,,,
2018-07-04,,,,,,,,,,,,,,,,,
2018-07-05,,,,,,,,,,,"중국 상하이종합지수, 2733.88로 2년6개월 만에 최저",,,,,,
2018-07-06,,"태국 푸껫서 관광용 보트 2척 전복돼 1명 사망, 49명 실종","미∙중 무역전쟁 돌입…미국, 중국서 수입하는 340달러 규모 제품에 25% 관세 부과",,,,,,일본 전국서 태풍 및 장마전선의 영향으로 폭우피해 속출_최소 137명 사망∙실종,,"미∙중 무역전쟁 돌입…중국, 미국산 농산물,자동차 등 545개 품목에 25% 관세 부과",,,"아시아나직원들, 광화문서 ""경영진 교체 촉구"" 촛불집회",,,
2018-07-07,,,,,,,,,,,,,,,,,
2018-07-08,,,,,,,,,,,,,,,,,
2018-07-09,,,,,,,,,,,,,,,,,
2018-07-10,,,,,,,,,,,,,,,,,
2018-07-11,필리핀 보라카이 섬 10월 26일 전면 재개장,"태국, 동굴에 갇힌 소년들 17일만에 구출",,,,,,,,,,,,,,,
2018-07-12,,,,,,,,,,,,,"한은 기준금리 연 1.50% 동결
 
 한은, 올해 경제성장률 전망 3%에서 2.9%로 하향조정",,,,
2018-07-13,,,,,,,,,,,,,,,,,
2018-07-14,,,,,,,,,,,,,,,,,
2018-07-15,,,,,,,,,,,,,,,,,
2018-07-16,,,,,,,,,,,,,,,,,
2018-07-17,,,,,,,,,,,,,,,,,
2018-07-18,,,,,,,,,,,,,,,,,
2018-07-19,,,,,,,,,,,,,,,,,
2018-07-20,,,,,,,,,,,,,,,,,
2018-07-21,,,,,,,,,,,,,,,,,
2018-07-22,,,,,,,,,,,,,,,,,
2018-07-23,"라오스 댐 붕괴 사고로 40명 사망 131명 실종, 이재민 6천여명",,,,,,,,,,,,,,,,
2018-07-24,,,,,,,,,,,,,,,,,
2018-07-25,,,,,,,,,,,,,,,,,
2018-07-26,,,,,,,,,,,,,,"30일, 진에어 면허취소 결정할 청문회 개최",,,
2018-07-27,,,,,,,,,,,,,,,,,
2018-07-28,,,,,,,,,,,,,,,,,
2018-07-29,,,,,,,,,,,,,,,,,
2018-07-30,,,,,,,,,,,,,소비자심리지수 99.2로 전달대비 1.8포인트 하락_100 이하 지난 3월 이후 처음,,,,
2018-07-31,,,,,,,,,,,,,,,,,
2018-08-01,,,,,,,,,,,,,,,,,
2018-08-02,,,,,,,,,,,,,,,,,
2018-08-03,,,,,,,,,,,,,"2019년 최저임금 8,350원",,,,
2018-08-04,,,,,,,,,,,,,,,,,
2018-08-05,,발리 인근 휴양지 롬복섬 7.0 강진,,,,,,,,,,,,,,,
2018-08-06,,,,,,,,,,,,,,"인천공항 2터미널 아에로멕시코, 중화항공 가루다항공 등 7개 항공사 추가 이전",,,
2018-08-07,,,,,,,,,,,,,,,,,
2018-08-08,,,,,,,,,,,,,,,,,
2018-08-09,,,,,,,,,,,,,,아시아나항공 2분기 매출 1조6400억으로 역대 최고_영업이익은 11% 감소,,,
2018-08-10,,,"미국, 터키산 철강 제품 부과 관세 두배 인상 예고…리라화 20% 추락",,,,,,,,,,"금융연구원, 올해 성장률 3.1%에서 2.9%로 하향조정",,,,
2018-08-11,,,,,,,,,,,,,,,,,
2018-08-12,,,,,,,,,,,,,,,,,
2018-08-13,,,,,,,,,,,,,,,,,
2018-08-14,,,,,,,이탈리아 제노바 다리 붕괴로 최소 39명 사망_국가비상사태 선포,,,,,,,,,,
2018-08-15,,,,,,,,,,,,,,,,,
2018-08-16,,,,,,,,,,,,,,,,,
2018-08-17,,,,,,,,,,,,,,"국토부, 진에어 면허 취소 안하기로 … 일정기간 신규노선 불허",,,
2018-08-18,,,,,,,,,,,,,,,,,
2018-08-19,,,,,,,,,,,,,,,,,
2018-08-20,,,,,,,,,,,,,,,,,
2018-08-21,,,,,,,,,,,,,,,,,
2018-08-22,,,,,,,,,,,,,"태풍 '솔릭' 방향 전환, 수도권 강타 안해","중국 정부, 상하이 지역 일부 여행사에 한국 단체 관광상품 판매 허용",,,
2018-08-23,,,,,,,,"제20호 태풍 '시마론' 일본 상륙, 시코쿠 동해 거쳐 삿포로 지역 상륙 예정",,,,,,,,,
2018-08-24,,,,,,,,,,,,,,탑항공 부도,,,
2018-08-25,,,,,,,,,,,,,,,,,
2018-08-26,,,,,,,,,,,,,,,,,
2018-08-27,,,,,,,,,,,,,한국 65세 이상 비중 14.2% 차지해 '고령사회' 진입,,,,
2018-08-28,,,,,,,,,,,,,,,,,
2018-08-29,,,,,,,,,,,,,,,,,
2018-08-30,,,,,,,,,,,,,,"모두투어 박람회, 8/30~9/2 코엑스서 개최",,,
2018-08-31,,,,,,,,,,,,,"한은, 기준금리 연 1.25% 동결",,,,
2018-09-01,,,,,,,,,,,,,,,,,
2018-09-02,,,,,,,,,,,,,,"모두투어 박람회 역대 최대 매출 기록_예약 6만명, 판매 500억원",,,
2018-09-03,,,,,,,,,,,,,,,,,
2018-09-04,,,,,,,,,,"제 21호 태풍 '제비', 일본 오사카 상륙_ 간사이 공항 폐쇄",,,,,,,
2018-09-05,,,,,,,,,,,,,,,,,
2018-09-06,,,,,,,,,,"훗카이도 남부서 6.7, 5.4 규모의 지진이 잇따라 발생",,,,,,,
2018-09-07,,,,,,,,,,,,,,,,,
2018-09-08,,,,,,,,,,,,,3년만에 메르스 확진 환자 발생_쿠웨이트 다녀온 60대 남성 메르스 확진,,,,
2018-09-09,,,,,,,,,,,,,,,,,
2018-09-10,,,,,,"제 22호 태풍 망쿳, 괌 상륙_괌/사이판 출도착 항공편 결항",,,,,,,,,,,
2018-09-11,,,,,,,,,,,,,,,,,
2018-09-12,,,,,,,,,,,,,,,,,
2018-09-13,,,,,,,,,,,,,,,,,
2018-09-14,,,,,,,,,,,,,,,,,
2018-09-15,,"태풍 '망쿳', 필리핀 강타해 사상자 100여명 발생",,,,,,,,,,,,,,,
2018-09-16,,,,,,,,,,,,,,인천공항 8년 연속 '세계최고 공항면세점상' 수상,,,
2018-09-17,,,,,,,,,,,,,,"에어로K, 국토교통부에 국제항공운송사업면허 발급 신청서 제출",,,
2018-09-18,,,,,,,,,,,,,3차 남북정상회담_9/18~20,,,,
2018-09-19,,,,,,,,,"일본 삿포로, 지진 피해로 2026 동계올림픽 유치 경쟁 포기",,,,,,,,
2018-09-20,,,미국 메릴랜드 유통센터서 총격_최소 4명 사망,,,,,,,,,,,,,,
2018-09-21,,,,,,,,,,,,,,,,,
2018-09-22,,,,,,,,,,,,,,,,,
2018-09-23,,,,,,,,,,,,,,,,,
2018-09-24,,,,,,,,,,,,,,,,,
2018-09-25,,,,,,,,,,,,,,,,,
2018-09-26,,,,,,,,,,,,,,,,,
2018-09-27,,,,,,,,,,,,,,입국장 면세점 내년 상반기 도입_중소•중견기업 대상 사업자 선정,,,
2018-09-28,,,,,,,,,,,,,,,,,
2018-09-29,,,,,,,,,,,,,,,,,
2018-09-30,,,,,,,,,,제 24호 태풍 '짜미' 영향으로 9/30~10/1 간사이 공항 폐쇄,,,,,,,
2018-10-01,,,,,,,,,,,,,,"탑항공, 36년만에 폐업",,,
2018-10-02,,,,,,,,,,,,,,,,,
2018-10-03,,,,,,,,,,,,,,,,,
2018-10-04,,,,,,,,,,,,,,,,,
2018-10-05,,,,,,,,,,제 25호 태풍 '콩레이' 북상_오키나와 1만 7쳔가구 정전,,,,,,,
2018-10-06,,,,,,,,,,,,,,,,,
2018-10-07,,,,,,,,,,,,,,,,,
2018-10-08,,,,,,,,,,,,,,,,,
2018-10-09,,,,,,,,,,,,,,,,,
2018-10-10,,,,,,,,,,,,,,,,,
2018-10-11,,,,,,,,,,,,,,,,,
2018-10-12,,,,,,,,,,,,,,,,,
2018-10-13,,,,,,,,,,,,,,,,,
2018-10-14,,,,,,,,,,,,,,,,,
2018-10-15,,,,,,,,,,,,,,,,,
2018-10-16,,,,,,,,,,,,,,,,,
2018-10-17,,,,,,,,,,,,,,,,,
2018-10-18,,,,,,,,,,,,,"한은, 기준금리 연 1.5% 동결
 
 한은, 경제전망치 올해, 내년 모두 하향조정","국토부, 저비용항공사 규제 조항 삭제…에어로케이, 플라이양양, 에어프레미아 면허 신청",,,
2018-10-19,,,,,,,,,,,,,,,,,
2018-10-20,,,,,,,,,,,,,,,,,
2018-10-21,,,,,,,,,,,,,,,,,
2018-10-22,,,,,,,,,,,,,,,,,
2018-10-23,,,,,,,,,,,,,,,,,
2018-10-24,,,,,,,,,,,,,,,,,
2018-10-25,,,,,,사이판 태풍_공항 폐쇄,,,,,,,,,,,
2018-10-26,,필리핀 보라카이 재개장,,,,,,,,,,,,,,,
2018-10-27,,,,,,,,,,,,,,,,,
2018-10-28,,,,,,,,,,,,,,,,,
2018-10-29,,인도네시아 항공사 '라이언에어' 출발 직후 바다추락_189명 전원 사망 추정,,,,,,,,,,,,,,,
2018-10-30,,,,,,,,,,,,,,,,,
2018-10-31,,,,,,,,,,,,,,,,,
2018-11-01,,,,,,,,,,,,,,현대백화점 면세점 무역센터점 오픈,,,
2018-11-02,,,,,,,,,,,,,,,,,
2018-11-03,,,,,,,,,,,,,,,,,
2018-11-04,,,,,,,,,,,,,,,,,
2018-11-05,,,,,,,,,,,,,,,,,
2018-11-06,,,,,,,,,,,,,,,,,
2018-11-07,,,미국 캘리포니아서 총기난사 사건 발생해 최소 12명 사망,,,,,,,,,,,"한국개발연구원, 내년 한국 경제 성장률 전망치 2.6% 제시_지난 5월보다 0.1% 낮춰",,,
2018-11-08,,,,,,,,,,,,,,,,,
2018-11-09,,,,,,,,,,,,,,,,,
2018-11-10,,,,,,,,,,,,,,,,,
2018-11-11,,,,,,,,,,,,,,,,,
2018-11-12,,,,,,,,,,,,,,,,,
2018-11-13,,,,,,,,,,,,,,,,,
2018-11-14,,,,,,,,,,,,,,"中, 온라인 한국 단체관광 상품 판매 전격 재개 후 삭제",,,
2018-11-15,,,,,,,,,,,,,,,,,
2018-11-16,,,,,,,,,,,,,,10월 국내 중국인 입국자 49만7천여명으로 전년동기 대비 34.6% 증가,,,
2018-11-17,,,,,,,,,,,,,,,,,
2018-11-18,,,,,,,,,,,,,,,,,
2018-11-19,,,,,,,,,,,,,,,,,
2018-11-20,,,,,,,,,,,,,,,,,
2018-11-21,,,,,,,,,,,,,,,,,
2018-11-22,,,,,,,,,,,,,,"방한 대만 관광객, 올해 처음으로 100만명 돌파_한류 영향으로 5년새 2배 급증",,,
2018-11-23,,,,,,,,,,,,,"소득 양극화 11년 만에 최대_상위 20% 계층 월소득, 하위의 5.52배",,,,
2018-11-24,,,,,,,,,,,"중국 2019년 경제 성장률 UBS 5.5%, 골드만삭스·IMF, 6.2% 전망…전망치 29년 만에 최저 수준",,,,,,
2018-11-25,,,,,,,,,,,,,,,,,
2018-11-26,,,,,,,,,,,,,,,,,
2018-11-27,,,,"미 애틀란타 공항, 생체인식터미널 도입…여권, 항공권 없이 얼굴인식 후 탑승",,,,,,,,,,,,,
2018-11-28,,,,,,,,,,,,,,,,,
2018-11-29,,,,,,,,,,,"중국은행, 2019년 중국 경제성장률 6.5% 전망_올해 전망치보다 0.1%p 하락",,,,,,
2018-11-30,,,,,,,,,,,,,"한은, 기준금리 1.75%로 0.25%p 인상",,G20 정상회의 개최…아르헨티나 부에노스아이레스서 1박2일 논의,,
2018-12-01,,,,,,,프랑스 '노란조끼' 시위 확대…유류세 인하와 고유가 정책 폐기 요구,,,,,,,,,,
2018-12-02,,,,,,,,,,,,,,,,,
2018-12-03,,,,,,,,,,,,,,"무안국제공항, 연간 이용객 50만명 돌파
 
 노랑풍선, 24시간 챗봇 서비스 도입",,,
2018-12-04,,,,,,,,,,,,,3분기 실질 국민총소득 9년 만에 전년동기 대비 마이너스 기록_412조로 0.2% 감소,,,,
2018-12-05,,,,,,,,,,,,,,,,,
2018-12-06,,,,,,,,,,,,,,,,,
2018-12-07,,,,,,,,,,,,,,,,,
2018-12-08,,,,,,,,,,,,,,,,,
2018-12-09,,,,,,,,,,,,,,,,,
2018-12-10,,,,,,,"프랑스 마크롱 대통령, 대국민 담화문 발표…최저임금 인상, 저소득 은퇴자의 사회보장세 인상 철회",,,,,,,,,,
2018-12-11,,,,,,,"프랑스 스트라스부르 시내서 총격사건 발생해 2명 사망, 11명 부상",,,,,,,,,,
2018-12-12,,,,,,,,,,,,,,,,,
2018-12-13,,,,,,,,,,,,,,,,,
2018-12-14,,,,,,,프랑스 스트라스부르 총격사건 용의자 사살,,,,,,,,,,
2018-12-15,,,,,,,,,,,,,,,,,
2018-12-16,,,,,,,,,,,,,,,,,
2018-12-17,,,,,,,,,,,,,,"기획재정부, 국내 공유민박 사업 전면 허용하는 관광진흥법 개정 추진",,,
2018-12-18,,,,,,,,,,,,,,,,,
2018-12-19,,,"미 연준, 기준금리 0.25%p 인상_2.25%~2.5%",,,,,,,,,,,,,,
2018-12-20,,,,,,,,,,,,,,,,,
2018-12-21,,,,,,,,,,,,,,,,,
2018-12-22,,,,,,,,,,,,,,,,,
2018-12-23,,,,,,,,,,,,,,,,,
2018-12-24,,,,,,,,,,,,,,,,,
2018-12-25,,,,,,,,,,,,,,,,,
2018-12-26,,,,,,,,,,,,,,,,,
2018-12-27,,,,,,,,,,,,,,"에어부산, 27일 코스피 상장",,,
2018-12-28,,,,,,,,,,,,,,,,,
2018-12-29,,,,,,,,,,,,,,,,,
2018-12-30,,,,,,,,,,,,,,,,,
2018-12-31,,,,,,,,,,,,,,,,,
2019-01-01,,,,,,,,,,,,,,,,,
2019-01-02,,,,,,,,,,,,,,,,,
2019-01-03,,,,,,,,,,일본 구마모토현 규모 5.1 지진_부상자 1명 발생,,,,,,,
2019-01-04,,,,,,,,,,,,,,,,,
2019-01-05,,,,,,,,,,,,,,,,,
2019-01-06,,,,,,,,,,,,,,,,,
2019-01-07,,,,,,,,,,"일본 정부, 모든 내∙외국인 대상으로 '출국세' 1000엔 부과",,,,,,,
2019-01-08,,,,,,,,,,,,,,,,,
2019-01-09,,,,,,,,,,,,,,,,,
2019-01-10,,,,,,,,,,,,,,,,,
2019-01-11,,,,,,,,,,,,,,,,,
2019-01-12,,,,,,,,,,,,,,,,,
2019-01-13,,,,,,,,,,,,,,,,,
2019-01-14,,,,,,,,,,,,,,,,,
2019-01-15,,,,,,,케냐 수도 나이로비 폭탄테러 발생해 최소 15명 사망,,,,,,,,,,
2019-01-16,,,,,,,,,,,,,,야놀자 글로벌 호텔 예약 서비스 오픈,,,
2019-01-17,,,,,,,,,,,,,,,,,
2019-01-18,,,,,,,,,,,,,,,,,
2019-01-19,,,,,,,,,,,,,,,,,
2019-01-20,,,,,,,,,,,,,,,,,
2019-01-21,,,,,,,,,,,,,,,,,
2019-01-22,,,,,,,,,,,,,,,,,
2019-01-23,,,,,,,,,,,,,,,,,
2019-01-24,,,,,,,,,,,,,,,,,
2019-01-25,,,,,,,,,,일본 인플루엔자 환자 213만명 돌파하며 사상 최고치 기록,,,,,,,
2019-01-26,,,,,,,,,,,,,,,,,
2019-01-27,필리핀 남부 홀로섬 성당서 연쇄 폭탄 테러로 131명 사상,,,,,,,,,,,,,,,,
2019-01-28,,,,,,,,,,,,,,,,,
2019-01-29,,,,,,,,,,,,,,,,,
2019-01-30,"태국 방콕, 미세먼지로 모든 공립학교 437곳 휴교령",,,,,,,,,,,,,노랑풍선 코스닥시장 신규 상장,,,
2019-01-31,,,,,,,,,,,,,,,,,
2019-02-01,,,,,,,,,,,,,,,,,
2019-02-02,,,,,,,,,,,,,,,,,
2019-02-03,,,,,,,,,,,,,,,,,
2019-02-04,,,,,,,,,,,,,,,,,
2019-02-05,,,,,,,,,,,,,,,,,
2019-02-06,,,,,,,,,,,,,,,,,
2019-02-07,,,,,,,,,,,,,,,,,
2019-02-08,,,,,,,,,,,,,,,,,
2019-02-09,,,,,,,,,,,,,,,,,
2019-02-10,,,,,,,,,,,,,,,,,
2019-02-11,"인도, 신종플루 확산_312명 사망",,,,,,,,,,,,,,,,
2019-02-12,,,,,,,,,,,,,,,,,
2019-02-13,,,,,,,,,,,,,,,,,
2019-02-14,,,,,,,,,,,,,,,,,
2019-02-15,,,,,,,,,,,,,,,,,
2019-02-16,,,,,,,,,,,,,,,,,
2019-02-17,,,,,,,,,,,,,,,,,
2019-02-18,"필리핀 유행성 홍역 확산_아동 136명 사망, 환자 8400명 발생",,,,,,,,,,,,,,,,
2019-02-19,,,,,,,,,,,,,,,,,
2019-02-20,,,,,,,,,,,,,,,,,
2019-02-21,,,,,,,,,,,,,2018년 국민 해외 지출액 21조원 돌파하며 사상 최고 기록 경신,,,,
2019-02-22,,,,,,,,,,,,,,,,,
2019-02-23,,,,,,,,,,,,,,,,,
2019-02-24,,,,,,,,,,,,,,,,,
2019-02-25,,,,,,,,,,,,,,,,,
2019-02-26,,,,,,,,,,,,,,,,,
2019-02-27,,,"제2차 북-미 정상회담, 베트남 하노이서 27~28일 이틀간 개최",,,,,,,,,,,,,,
2019-02-28,,,제2차 북-미 정상회담 결렬,,,,,,,,,,,,,,
2019-03-01,,,,,,,,,,,,,,,,,
2019-03-02,,,,,,,,,,,,,,,,,
2019-03-03,,,,,,,,,,,,,,,,,
2019-03-04,,,,,,,,,,,,,,,,,
2019-03-05,,,,,,,,,,,중국 올해 경제성장률 목표 6~6.5%로 햐항 조정,,,"국토교통부, 신규 LCC 3곳에 국제항공운송업 면허 발급_플라이강원, 에어로케이, 에어프레미아",,,
2019-03-06,,,2018년 미국 무역적자 6210억달러로 전년대비 12.5% 증가_10년만에 최대,,,,,,,,,,,,,,
2019-03-07,,,,,,,,,,,,,,,,,
2019-03-08,,,,,,,,,,,,,,,,,
2019-03-09,,,,,,,,,,,,,,,,,
2019-03-10,,,,,,,,,,,,,,,"에티오피아 항공의 미국 보잉사 'B737맥스 8' 기종, 이륙 6분만에 추락해 탑승자 157명 사망",,
2019-03-11,,,,,,,,,,,,,,,,,
2019-03-12,,,,,,,,,,,,,,"데일리호텔, 코스닥 상장 목표로 기업공개(IPO)절차 돌입 
 
 위드이노베이션 '호텔 여기어때' 법인 재합병 추진",보잉사 'B737 맥스' 기종 약 40개국서 운항 금지 조치,,
2019-03-13,,,,,,,,,,,,,,"한-중 항공회담서 운수권 주 70회 증대 합의
 
 국토교통부, 이스타항공 'B737 맥스 8' 기종 2대 운항 잠정 중단","미국, 캐나다도 보잉사 'B737 맥스' 기종 운항 중단_전세계 주요 60개국서 운항 금지 조치",,"KE, 41년만에 신규 로고 공개"
2019-03-14,,,,,,,,,,,,,,"대한항공, 티웨이항공 등 'B737 맥스' 도입하되 운항 잠정 중단",,,
2019-03-15,,,,,뉴질랜드 크라이스트처치 이슬람사원서 총격 테러 발생해 50명 사망,,,,,,,,,,,,
2019-03-16,,,,,,,,,,,,,,,,,
2019-03-17,,,,,,,,,,,,,,,,,
2019-03-18,"인도네시아 파푸아주서 홍수와 산사태 발생해 77명 사망
 
 인도네시아 롬복섬 규모 5.8지진 발생해 관광객 2명 사망, 40명 고립",,,,,,"네덜란드 트램서 총기 난사 사건 발생해 3명 사망, 용의자 체포",,,,,,,,,,
2019-03-19,,,,,,,,,,,,,,"카카오, 타이드스퀘어 '현대프리비아 여행' 지분 30% 인수 및 종속회사 편입",,,
2019-03-20,,,,,,,,,,,,,,,,,
2019-03-21,,,,,,,,,,,,,,"아시아나, 감사의견 '한정' 으로 주식거래 정지",,,
2019-03-22,,,,,,,,,,,,,,,,,
2019-03-23,,,,,,,,,,,,,,,,,
2019-03-24,,,,,,,,,,,,,,,,,
2019-03-25,,,,,,,,,,,,,,아시아나 관리종목 지정,,,
2019-03-26,,,,,,,,,,,,,,,,,
2019-03-27,,,,,,,,,,,,,,"대한항공 조양호 회장, 대표이사직 연임안 부결",,,
2019-03-28,,,,,,,,,,,,,,,,,
2019-03-29,,,,,,,,,,,,,,,,,
2019-03-30,,,,,,,,,,,,,,,,,
2019-03-31,,,,,,,,,,,,,,,,,
2019-04-01,,"에어비앤비
 인도 호텔 예약 플랫폼 '오요'에 투자",,,,,,,,"JTB
 여행사 상담 서비스
 유료화 시범 실시",,,주52시간제 시행,"스카이스캐너
 위메프 원더투어 입점
 (메타서치 플랫폼에 메타서치 플랫폼이 입점한 케이스)",,,
2019-04-02,,,,,,,,,,,,,,,,,
2019-04-03,,,,,,,,,,,,,,,,,
2019-04-04,,,,,,,,,,,,,,,,,
2019-04-05,,,,,,,,,,,,,,,,,
2019-04-06,,,,,,,,,,,,,,,,,
2019-04-07,,,,,,,,,,,,,,,,,
2019-04-08,,,,,,,,,,,,,,ㄴ대한항공그룹 조양호 회장 별세,,,
2019-04-09,,,,,,,,,,,,,,,,,
2019-04-10,,,,,,,,,,,,,,,,,
2019-04-11,,,,,,,,,,,,,,,,,
2019-04-12,,,,,,,,,,,,,,,,,
2019-04-13,,,,,,,,,,,,,,,,,
2019-04-14,,,,,,,,,,,,,,,,,
2019-04-15,,,,,,,,,,,,,,아시아나 매각 결정,,,
2019-04-16,,,,,,,,,,,,,,,,,
2019-04-17,,,,,,,,,,,,,,,,,
2019-04-18,,,,,,,,,,,,,,,,,
2019-04-19,,,,,,,,,,,,,,,,,
2019-04-20,,,,,,,,,,,,,,,,,
2019-04-21,스리랑카 폭탄테러,,,,,,,,,,,,,,,,
2019-04-22,,,,,,,,,,,,,,,,,
2019-04-23,"필리핀 지진
 대만 지진",,,,,,,,,,,,,,,,
2019-04-24,,필리핀 클락 공항 정상화,,,,,,,,,,,,,,,
2019-04-25,,,,,,,,,,,,,,,,,
2019-04-26,,,,,,,,,,,,,,크루즈 전용 터미널 인천 개장,,,
2019-04-27,,,,,,,,,,,,,,,,,
2019-04-28,,,,,,,,,,,,,,,,,
2019-04-29,,,,,,,,,,,,,,,,,
2019-04-30,,,,,,,,,,,,,,,,,
2019-05-01,,,,,,,,,,,,,,,,,
2019-05-02,,,,,,,,,"나루히토 일왕 즉위
 레이와 시대 시작",,,중국 추가 운수권 배분,,한화 면세점 사업 철수,,,
2019-05-03,,,,,,,,,,,,,,,,,
2019-05-04,,,,,,,,,,,,,,북한 미사일 발사체 발사,,,
2019-05-05,,,,,,,,"러시아 항공기 추락 사고
 41명 사망",,,,,,,,,
2019-05-06,"스리랑카 네곰보
 계엄령",,,,,,,,,,,,,,,,
2019-05-07,,,,,,,,,,,,,,,,,
2019-05-08,,,,,,,,,,,,,,,,,
2019-05-09,,,,,,,,,,,,,,,,,
2019-05-10,,,,,,,,,,규슈(미야자키) 지진,,,,,"미국 중국 무역협상 결렬
 미국, 중국에 관세 25% 부과",,
2019-05-11,,,,,,,,,,,,,,,,,
2019-05-12,,,,,,,,,,,,,,,,,
2019-05-13,,,,,,,,,,,,,,,,,
2019-05-14,,,,,,,,,,,,,,,,,
2019-05-15,,,,,,,,,,,,,,"면세점 6곳 추가 특허 결정
 (서울 3 인천 1 광주 1 충남 1)",,,
2019-05-16,,,,,,,,,,,,,,,,,
2019-05-17,,,,,,,,,,,,,,,,,
2019-05-18,,,,,,,,,,,,,,,,,
2019-05-19,,,,,,,이집트 카이로 폭탄테러,,,,,,,,,,
2019-05-20,,,,,,,,,,,,,,,,,
2019-05-21,,,,,,,,,,,,,,,,,
2019-05-22,,,,,,,,,,,,,,,,,
2019-05-23,,,,,,,,,,,,,,,,,
2019-05-24,,,,,,,,,,,,,,,,,
2019-05-25,,,,,,,,,,,,,,,,,
2019-05-26,,,,,,,,,,,,,,,,,
2019-05-27,,,,,,,,,,,,,,,,,
2019-05-28,,,,,,,,,,,,,,,,,
2019-05-29,,,,,,,,,,,,,,,,,
2019-05-30,,,,,,,,"헝가리 부다페스트 
 유람선사고",,,,,,,,,
2019-05-31,,,,,,,,,,,,,,,,,
2019-06-01,,,,,,,,,,,,,,"네이버 메타서치
 패키지 상품 노출 시작","국제항공운송협회
 연차총회 실시",,
2019-06-02,,,,,,,,,,,,,,,,,
2019-06-03,,인도네시아 북수마트라 니아스섬 남쪽 해상 지진,,,,,,,,"오사카 1박 7000엔 넘으면 숙박세 부과
 (기존 1만엔에서 과세기준이 하락)",,,,,,,
2019-06-04,,,,,,,,,,,,,,,,,
2019-06-05,,,,,,,,,,,,,,,,,
2019-06-06,,,,,,,,,,,,,,,,,
2019-06-07,,,,,,,,,,,,,,,,,
2019-06-08,,,,,,,,,,,홍콩 범죄인도조약 체결 관련 전국민 시위,,,,,,
2019-06-09,,,,,,,,,,,,,,,,,
2019-06-10,,,,,,,,"지중해 크루즈 여행객 
 실종",,,,,,"LCC 고급화 전략
 -제주항공 유료멤버십
 - 제주항공 뉴클래스(비즈니스클래스) 도입
 - 인천공항 전용라운지
 - 통합마일리지 제공 (LCC 6개사)",,,
2019-06-11,,,,,,,,,,,,,,,,,
2019-06-12,,,,,,,,,,,,,,,,,
2019-06-13,,,,,,,,,,,,,,,,,
2019-06-14,,,,,,,,,,,,,,,,,
2019-06-15,,,,,,,,,,,,,,,,,
2019-06-16,,,,,,,,,,,,,,,,,
2019-06-17,,보라카이 부정기편 노선 운행중단 ( 에어부산 ),,,,,,,,이바라키현 지진,,,,,,,
2019-06-18,,,,,,,,,,아마가타현 인근 해상 지진,,쓰촨성 지진,,,,,
2019-06-19,,,,,,,,,,,,,,,,,
2019-06-20,,,,,,,,,,,,,,,,,
2019-06-21,,,,,,,,,,,,,,,,,
2019-06-22,,,,,,,,,,,,,,,,,
2019-06-23,,,,,,,,,,,,,,,,,
2019-06-24,,인도네시아 반다해 타님바르제도 지진,,,,,,,,,,,,,,,
2019-06-25,,,,,,,,,,,,,,,,,
2019-06-26,,,,,,,,,,,,,,,,,
2019-06-27,,,,,,,,,,,,,,,,,
2019-06-28,,,,,,,,,,,,,,,G20 정상회의,,
2019-06-29,,,,,,,,,,,,,,,,,
2019-06-30,,,,,,,,,,,,,북미 정상회담,,,,
2019-07-01,,,,,,,,,,,,,,,,,
2019-07-02,,,,,,,,,,,,,,,,,
2019-07-03,,,,,,,,,일본 불매운동 심화,,,,,,,,
2019-07-04,,,,,,,,,,,,,,,,,
2019-07-05,,,,강도 6.4 캘리포니아 지진,,,,,,,,,,,,,
2019-07-06,,,,,,,,,,,,,,,,,
2019-07-07,,,,,,,,,,,,,,,,,
2019-07-08,,,,,,,,,,,,,,"하나카드 항공권 직판플랫폼
 '직항' 오픈
 
 인천공항 여행사 공용카운터 폐지",,,
2019-07-09,,,,,,,,,,,,,,,,,
2019-07-10,,,,,,,,,,,,,,,,,
2019-07-11,,,,,,,,,,,,,,,,,
2019-07-12,,,,,,,,,,,,,,,,,
2019-07-13,,,,,,,,,,,,,,,,,
2019-07-14,,,,,,,,,,,,,,,,,
2019-07-15,,,,,,,,,,,,,직장 내 괴롭힘 방지법 시행,,,,
2019-07-16,,발리지진,,,,,,,,,,,,,,,
2019-07-17,,동남아 지역 댕기열 유행,,,,,,,,,,,태풍 5호 다나스 상륙,,,,
2019-07-18,,,,,,,,,,,,,,,,,
2019-07-19,,,,,,,,,,,,,,,,,
2019-07-20,,,,,,,,,,,,,,,,,
2019-07-21,,,,,,,,,,,,,,,,,
2019-07-22,,,,,,,,,,,,,,,,,
2019-07-23,,,,,,,,,,,,,,,,,
2019-07-24,,,,,,,,,,,,,,,,,
2019-07-25,,,,,,,,,,,,,,,,,
2019-07-26,,,,,,,,,일본 불매운동 장기화,,,,,,,,
2019-07-27,,,,,,,,,,,,,,,,,
2019-07-28,,,,,,,,,,,,,한국 경제성장률 2.2% 전망,,,,
2019-07-29,,,,,,,,,,"일본노선 감축 / 운항중단
 대한항공 및 LCC",,,,,,,
2019-07-30,,,,,,,,,,,,,,,,,
2019-07-31,,,,,,,,,,,,,,,,,
2019-08-01,,,,,,,,,,,,,,,,,
2019-08-02,,,,,,,,,,,,,"북한 단거리 미사일 발사
 일본-화이트리스트 제외",,,,
2019-08-03,,,,,,,,,,,,,,,,,
2019-08-04,,,텍사스 총기난사,,,,,,,,,,,,,,
2019-08-05,,,,,,,,,,,,,"2020년 최저임금 8,590원",,,,
2019-08-06,,,,,,,,,,,,,,,,,
2019-08-07,,,,,,,,,,,,,,,,,
2019-08-08,,"대만 지진
 강도 6.0",,,,,,,,,,,,,,,
2019-08-09,,,,,,,,,,,,,,,,,
2019-08-10,,,,,,,,,,,,,,,,,
2019-08-11,,,,,,,,,,,,,,,,,
2019-08-12,,,,,,,,,,,"홍콩 시위로 인한
 공항 폐쇄",,,,,,
2019-08-13,,,,,,,,,,,"홍콩 시위로 인한
 공항 폐쇄",,,,,,
2019-08-14,,,,,,,,,,,"홍콩 시위로 인한
 공항 폐쇄",,,,,,
2019-08-15,,,,,,,,,,,,,,,,,
2019-08-16,,,,,,,,,,,,,,,,,
2019-08-17,,,,,,,,,,,,,,,,,
2019-08-18,,,,,,,,,,,,,,,,,
2019-08-19,,,,,,,,,,,,,,,,,
2019-08-20,,,,,,,,,,,,,,,,,
2019-08-21,,,,,,,,,,,,,,,,,
2019-08-22,,,,,,,,,,,,,,,,,
2019-08-23,,,,,,,,,한일 지소미아 파기,,,,아시아나 부산-오키나와 노선 운항 중단,,,,
2019-08-24,,,,,,,,,,,,,,,,,
2019-08-25,,,,,,,,,,,,,,,,,
2019-08-26,,,,,,,,,,,,,,,,,
2019-08-27,,,,,,,,,,,,,,,,,
2019-08-28,,,,,,,,,,,,,,,,,
2019-08-29,,,,,,,,,,,,,,,,,
2019-08-30,,,,,,,,,,,,,,,,,
2019-08-31,,,,,,,,,,,,,,,,,
2019-09-01,,,,,,,,,,,,,,,,,
2019-09-02,,,,,,,,,,,,,,,,,
2019-09-03,,,,,,,,,,,,,,,,,
2019-09-04,,,,,,,,,,,,,,,,,
2019-09-05,,,,,,,,,,,"홍콩 범죄인 인도 조약
 최종 철회
 홍콩 시위 종료",,,,,,
2019-09-06,,,,,,,,,,,,,,,,,
2019-09-07,,,,,,,,,,,,,,,,,
2019-09-08,,,,,,,,,,,,,,,,,
2019-09-09,,,,,,,,,,,,,,,,,
2019-09-10,,,,,,,,,,,,,,,,,
2019-09-11,,,,,,,,,,,,,,,,,
2019-09-12,,,,,,,,,,,,,,,,,
2019-09-13,,,,,,,,,,,,,,,,,
2019-09-14,,,,,,,,,,,,,,,,,
2019-09-15,,,,,,,"사우디 아람코 원유시설
 드론공격 피폭",,,,,,,,,,
2019-09-16,,,,,,,,,,,,,"아프리카 돼지열병
 파주 연천 발병","관광경쟁력평가
 한국 세계16위 역대 최고",,,
2019-09-17,,,,,,,,,,,,,,,,,
2019-09-18,,,,,,,,,,,,,"토스 이승건 대표
 인터넷전문은행 포기 검토",,,,
2019-09-19,,,"미국 기준금리 0.25%p 인하
 기존 2.00~2.25%에서 1.75~2.00%",,,,,,,,,,"-1인가구수 비율 최다
 -계속고용제도 검토","대한항공 자본확충 목적
 영구채 발행",,,
2019-09-20,,,,,,,,,,,,,,,,,
2019-09-21,,,,,,,,,,,,,,,,,
2019-09-22,,,,,,,,,,,,,,,,,
2019-09-23,,,,,,,,,,,,,,,,,
2019-09-24,,,,,,,,,,,,,,,,,
2019-09-25,,,,,,,,,,,,,,,,,
2019-09-26,,,,,,,,,,,,,,,,,
2019-09-27,,,,,,,,,,,,,,,,,
2019-09-28,,,,,,,,,,,,,검찰개혁 서초동 검찰청 앞 대규모 집회,,,,
2019-09-29,,,,,,,,,,,,,,,,,
2019-09-30,,,,,,,,,,,,,,,,,
2019-10-01,,,,,,,,,,,,,,,,,
2019-10-02,,,,,,,,,,,,,,,,,
2019-10-03,,,,,,,,,,,,,,,,,
2019-10-04,,,,,,,,,,,,,,,,,
2019-10-05,,,,,,,,,,,,,,,,,
2019-10-06,,,,,,,,,,,,,북미 협상 결렬,,,,
2019-10-07,,,,,,,,,,,,,,모두투어 희망퇴직 접수 시작,,,
2019-10-08,,,,,,,,,,"일본 하기비스 태풍
 피해",,,,,,,
2019-10-09,,,,,,,,,,,,,,,,,
2019-10-10,,,,,,,,,,,,,,,,,
2019-10-11,,,,,,,,,,,,,,,,,
2019-10-12,,,,,,,,,,,,,,,,,
2019-10-13,,,,,,,,,,,,,,,,,
2019-10-14,,,,,,,,,,,,,조국 법무부 장관 사퇴,,,,
2019-10-15,,,,,,,,,,,,,"토스 인터넷뱅크 재도전
 키움 인터넷뱅크 포기",,,,
2019-10-16,,,,,,,,,,,,,"한국은행 기준금리 인하
 1.25",,,,
2019-10-17,,,,,,,,,,,,,,,,,
2019-10-18,,,,,,,,,,,,,,,,,
2019-10-19,,,,,,,,,,,,,,,,,
2019-10-20,,,,,,,,,,,,,,,,,
2019-10-21,,,,,,,,,,,,,,,,,
2019-10-22,,,,,,,브렉시트 연장안 가결,,일본 나루히토 일왕 즉위,,,,,,,,
2019-10-23,,,,,,,,,,,,,,"- 내년 초 신라호텔
 '한옥호텔' 착공 예정
 - 김정은 금강산 시설 철거 지시",,,
2019-10-24,,,,,,,,,,,,,"이낙연총리, 아베총리 
 정상회담",,,,
2019-10-25,,,,,,,,,,,,,,,,,
2019-10-26,,,,,,,,,,,,,,,,,
2019-10-27,,,,,,,,,,,,,,,,,
2019-10-28,,,,,,,IS수괴 아부 바크르 알바그다디 사망,,,,,,,,,,
2019-10-29,,,,,,,,,,,,,,"플라이 강원 운항증명 발급완료
 11월 말 양양-제주 노선 취향 예정",,,
2019-10-30,,,,,,,,,,,,,"●생리휴가 안준 아시아나 벌금형
 
 ●사외이사 대거 교체 예고
 (상법 시행령 개정안, 6년이상 재임금지)","●두타면세점 사업 철수
 ●철수한 자리에 
 현대백화점그룹 면세점 2호점 추진
 ●아시아나 인천-가오슝/푸꾸옥 정기노선 취항","보잉737NG 기체
 동체 균열 이슈 발생
 전세계 및 국내 LCC
 비상",,
2019-10-31,,,,,,,,,,"일본 오키나와
 슈리성터 전소",,,"●10월 국내소비 1년 9개월 만에
 최대폭 감소
 (소매판매 전월대비 -2.2% 감소)
 ● 북한 미사일 발사
 ● 독도헬기 추락 사고","대한항공 티켓 구매
 마일리지+현금 운영안
 연내 발표",,,
2019-11-01,,,,,,,,,,,,,,,,,
2019-11-02,,,,,,,,,,,,,,,,,
2019-11-03,,,,,,,,,,,,,,,,,
2019-11-04,,,,,,,,,,,,,,"참좋은 여행, 건물 800억원에 매각, 재무구조 개선 효과 
 
 시내면세점 수출인도장 15일부터 시범운영 시작 예정",,,
2019-11-05,,,,,,,,,,,,,,,,,
2019-11-06,,,,,,,,,,,,,,,,,
2019-11-07,,,,,,,,,,,,,,,,,
2019-11-08,,,,,,,,,,,,,,보잉 747 새로운 균열 발견,,,
2019-11-09,,,,,,,,,,,,,,,,,
2019-11-10,,,,,,,,,,,,,,,,,
2019-11-11,,,,,,,,,,,,,,,,,
2019-11-12,,,"볼리비아 모랄레스 
 대통령 개표 조작으로 
 인한 사퇴",,,,,,,,"홍콩 시위 상황
 더욱더 악화.",,,"HDC, 아시아나 인수
 우선협상대상자 선정",,,
2019-11-13,,,페이스북 페이 출시,,,,,"영국 북부 홍수
 이탈리아 홍수",,,,,,,,,
2019-11-14,,,,,,,,,"네이버 라인, 야후 재팬 경영 통합 추진
 
 위워크 3분기 손실
 1조 4600억원 발생",,"중국 국영 언론, 홍콩 사태는 전례 없는 단계로 본토의 개입 언급",,대학수학능력시험,"외국계 기업의
 한국 호텔 사랑","미·중 무역협상, 농산물 구입을 두고 난항 
 
 디즈니+ 오픈 첫날 가입자수 1000만명 돌파",,
2019-11-15,,,,,,,,,,,,,,,,,
2019-11-16,,,,,,,,,,,,,,,,,
2019-11-17,,,,,,,,,,,,,,,,,
2019-11-18,,,,,,,,,,,,,,,"구글 내년 은행업 진출예정, 구글페이
 (씨티그룹과 협업)",,
2019-11-19,,,,,,,,,,,,,"CJ 비상경영, 구조조정 예정","보잉 737 균열 비행기
 수리 완료 후 운행 시작",,,
2019-11-20,,,,,,,,,,,,,,인천공항 4단계 건설사업 착수 ( 기공식 진행 ),,,
2019-11-21,,,,,,,,,,,,,,,,,
2019-11-22,,,,,,,,,,,,,,,,,
2019-11-23,,,,,,,,,,,,,지소미아 조건부 연장,,,,
2019-11-24,,,,,,,,,,,,,,,,,
2019-11-25,,,,,,,,,,,,,,,,,
2019-11-26,,,,,,,,,,,,,,,,,
2019-11-27,,,,,,,,"알바니아 6.4 강진, 21명 사망",,,,,,,,,
2019-11-28,,,,,,,,,,,,,,,,,
2019-11-29,,,,,,,,,,,,,,"제주관광공사 제주시내면세점 사업권 반납
 
 현대백화점 시내면세점 특허권 승인, 두타면세점에 진행",,,
2019-11-30,,,,,,,,,,,,,,,,,
2019-12-01,,,,,,,런던 브릿지 칼부림 테러,,,,,,,,,,
2019-12-02,,,,,,,,,,,,,국내 수출 14.7% 줄고 12개월 수출 연속 감소,,,,
2019-12-03,,,,,,,,,,,,,,,,,
2019-12-04,,,,,,,,,,,,,,,,,
2019-12-05,,,,,,,,,,,,,,,,,
2019-12-06,,,,,,,,,,,,,,,,,
2019-12-07,,,,,,,,,,,,,,,,,
2019-12-08,,,,,,,,,,,,,,,,,
2019-12-09,,,,,,뉴질랜드 화산폭발,,,,,,,,,,,
2019-12-10,,,,,,,,,,,,,,,,,
2019-12-11,,,,,,,,,,,,,,,,,
2019-12-12,,,,,,,,,,,,,,,,,
2019-12-13,,,,,,,,,,,,,,KE 희망퇴직 실시,,,
2019-12-14,,,,,,,,,,,,,,,,,
2019-12-15,,,,,,,,,,,,,,,,,
2019-12-16,,,,,,,,,,,,,,,,,
2019-12-17,,,,,,,,,,,,,,,,,
2019-12-18,,,,,,,,,,,,,,"제주항공, 이스타항공 700억에 인수 예정",,,
2019-12-19,,,,,,,,,,,,,,,,,
2019-12-20,,,,,,,,,,,,,,,,,
2019-12-21,,,,,,,,,,,,,,,,,
2019-12-22,,,,,,,,,,,,,,,,,
2019-12-23,,,,,,,,,,,,,,OZ 희망퇴직 접수,,,
2019-12-24,,,,,,,,,,,,,,,,,
2019-12-25,,,,,,,,,,,,,,,,,
2019-12-26,,,,,,,,,,,,,,,,,
2019-12-27,,,,,,,,,,,,,,"HDC, 2조5천억원에 아시아나 항공 인수계약",,,
2019-12-28,,,,,,,,,,,,,,,,,
2019-12-29,,,,,,,,,,,,,,,,,
2019-12-30,,,,,,,,,,,,우한 폐렴' 발표,,,,,
2019-12-31,,,,,,,,,,,,,,,,,
2020-01-01,,,,,,,,,,,,,,,,,
2020-01-02,,,,,,,"미국, 이란 공습",,,,,,,,,,
2020-01-03,,,,,,,,,,,,,,,,,
2020-01-04,,,,,,,,,,,,,,,,,
2020-01-05,,,,,,,,,,,,,,,,,
2020-01-06,,,,,,,,,,,,,,,,,
2020-01-07,,,,,,,,,,,,,,,,,
2020-01-08,,,,,,,"이란, 미국 보복공격
 이란출발 우크라이나행 여객기 추락, 176명 사망",,,,,,,,,,
2020-01-09,,,,,,,,,,,,,데이터 3법 통과,,,,
2020-01-10,,,,,,,,,,,,,,,,,
2020-01-11,,,,,,,"이란 정부, 실수로 여객기 격추 시인",,,,,,,,,,
2020-01-12,,"필리핀 마닐라 인근 화산 폭발, 6000명 대피",,,,,,,,,,,,,,,
2020-01-13,,,,,,,,,,,,,,,,,
2020-01-14,,,,,,,,,,,,,,,,,
2020-01-15,,,,,,,,,,,,,,,,,
2020-01-16,,,,,,,,,,,,,,,,,
2020-01-17,,,,,,,,,,,,,"한은, 기준금리 1.25% 동결",인천공항1터미널 면세사업권 입찰공고 게시,,,
2020-01-18,,,,,,,,,,,,,,,,,
2020-01-19,,,,,,,,,,,,,,,,,
2020-01-20,,,,,,,,,,,,,,신종코로나바이러스' 확진자 1명 발생,,,
2020-01-21,,,,,,,,,,,,,,,,,
2020-01-22,,,,,,,,,,,,,"19년 연간 경제성장률 2.0% 
 18년 대비 -0.7%p",,,,
2020-01-23,,,,,,,,,,,,,,,,,
2020-01-24,,,,,,,,"터키지진(진도 6.8), 41명 사망",,,,,,,,,
2020-01-25,,,,,,,,,,,,,,,,,
2020-01-26,,,,,,,,,,,,,,,,,
2020-01-27,,,,,,,,,,,,,,,,,
2020-01-28,,,,,,,,,,,,,,,,,
2020-01-29,,,,,,,,,,,,,,,,,
2020-01-30,,,,,,,,,,,,,,,"WHO, 신종코로나 비상사태 선포",,
2020-01-31,,,,,,,,,,,,,,,,,
2020-02-01,,,,,,,,,,,,,,,,,
2020-02-02,,,,,,,,,,,,,,"정부, 4일 0시부터 중국 후베이성 14일 이내 방문/체류한 외국인 입국금지",,,
2020-02-03,,,,,,,,,,,,,,,,,
2020-02-04,,,,,,,,,,,,,,,,,
2020-02-05,,,,,,,,"페가수스 항공 이스탄불 공항 착륙 중 세동강 3명 사망, 180명 부상",,,,,,,,,
2020-02-06,,,,,,,,,,,,,,,,,
2020-02-07,,,,,,,,,,,,,,,,,
2020-02-08,,"태국 총기난사, 27명 사망",,,,,,,,,,,,,,,
2020-02-09,,,,,,,,,,,,,"봉준호 '기생충', 아카데미 4관왕(감독상, 최우수작품상, 각본상, 국제장편영화상)",,,,
2020-02-10,,,,,,,,,,,,,,,,,
2020-02-11,,,,,,,,,,,,,,"중수본, 여행 자제국가 `아시아 6개국(일본, 싱가포르, 말레이시아, 베트남, 태국, 대만)` 공표",,,
2020-02-12,,,,,,,,,,,,,,,,,
2020-02-13,,,,,,,,,,,,,,,,,
2020-02-14,,,,,,,,,,,,,,,,,
2020-02-15,,,,,,,,,,,,,,,,,
2020-02-16,,,,,,,,,,,,,,,,,
2020-02-17,,,,,,,,,,,,,,,,,
2020-02-18,,,,,,,,,,,,,,,,,
2020-02-19,,,,,,,,"독일 총기난사, 9명 사망",,,,,,,,,
2020-02-20,,,,,,,,,,,,,,신종코로나바이러스' 첫 사망자 발생,,,
2020-02-21,,,,,,,,,,,,,,,,,
2020-02-22,,,,,,,,,,,,,,,이스라엘 등 몇개국 한국출국자 입국 금지/제한,,
2020-02-23,,,,,,,,,,,,,,,,,
2020-02-24,,,,,,,,,,,,,,,,,
2020-02-25,,,,,,,,,,,,"중국 웨이하이 공항, 한국발 항공편 승객 전원 격리조치",,,"익스피디아 3천, 에어버스 2천3백명 감원 시작",,
2020-02-26,,,,,,,,,,,,,,,,,
2020-02-27,,,,,,,,,,,,,,,,,
2020-02-28,,,,,,,,,,,,,,,,,
2020-02-29,,베트남 한국인 입국제한(무사증 입국 임시중단),,,,,,,,,,,,,,,
2020-03-01,,,,,,,,,,,,,,입국장 면세점 담배 판매 가능,,,
2020-03-02,,,,,,,,,,,,,,"제주항공, 545억원에 이스타항공 인수",,,
2020-03-03,,,,,,,,,,,,,,,,,
2020-03-04,,,,,,,,,,,,,,"SSG닷컴, 실시간 항공권 예약 서비스 ‘tr,iip’ 오픈",,,
2020-03-05,,,,,,,,,,,,,,,,,
2020-03-06,,,,,,,,,,,,,,,,,
2020-03-07,,,,,,,,,,,,,,,,,
2020-03-08,,,,,,,,,,,,,,,,,
2020-03-09,,,,,,,,,,한일 상호 90일 무비자 중단,,,,"여행업 특별고용지원업종 지정 /
 마스크 5부제 시행",,,
2020-03-10,,,,,,,이탈리아 전국 봉쇄령,,,,,,,,,,
2020-03-11,,,,,,,,,,,,,,,"WHO, 코로나19 팬데믹 선언",,
2020-03-12,,,,,,,,,,,,,,,,,
2020-03-13,,인도 모든 여행비자 효력 정지,,,,,,,,,,,,,,,
2020-03-14,,,,,,,스페인 비상사태 선포 (전국민 이동제한),,,,,,,,,,
2020-03-15,,,,,,,,,,,,,,,,,
2020-03-16,,,,,,,,,,,,,"한은, 기준금리 인하 1.25% → 0.75%",,,,
2020-03-17,,,,,,,,,,,,,,,,,
2020-03-18,,,,캐나다 모든 외국인 입국금지,,,,,,,,,,,,,
2020-03-19,,"대만 외국인 입국금지 / 
 세부퍼시픽 한국노선 운항 중단(3/16~4/14)",,,,,,,,,,,,全입국자 '특별입국절차' 적용,,,
2020-03-20,,,,,,,,,,,,,,,,,
2020-03-21,,,,,,,,,,,,,,,,,
2020-03-22,,,,,,,,,,,,,사회적 거리두기 시행,유럽발 입국자 전원 입국 후 코로나 진단검사 시작,,,
2020-03-23,,,,,,,,,,,,홍콩익스프레스 전노선 운항중단(3/23~4/30),,외교부 한달간 해외여행 특별주의보 발령(4/23 자동해제),,,
2020-03-24,,,,,,,,,도쿄올림픽 1년 연기 확정,,,,,,,,
2020-03-25,,,,,,,,,,,,홍콩 외국인 입국 전면금지,,,,,
2020-03-26,,태국 외국인 입국금지(3/26~4/30),,,,,,,,,,,,인천국제공항공사 비상경영체제 선포,,,
2020-03-27,,에어아시아 그룹 7개 항공사 한시적 운항중단,,,,,,,,,,,,,,,
2020-03-28,,,,,,,,,,,,,,,,,
2020-03-29,,,,,,,,,,,,,,,,,
2020-03-30,,,,,,,,,,,,,,,,,
2020-03-31,,,,,,,,,,,,,,,,,
2020-04-01,,,,,,,,,,,,,,"해외발 국내 입국자 2주 의무격리 시행(사실상 외국인 입국봉쇄) / 
 서울시 여행업 위기극복 프로젝트(서울 소재 영세 여행사 1,000곳에 500만원씩 총 50억원 지원)",,,
2020-04-02,,,,,,,,,,,,,,,,,
2020-04-03,,,,,,,,,"일본, 한국 포함한 49개국 입국 금지",,,,,,,,
2020-04-04,,,,,,,,,,,,,,,,,
2020-04-05,,,,,,,,,,,,,,,,,
2020-04-06,,,,,,,,,,,,,,,,,
2020-04-07,,,,,,,,,,,,,,,,,
2020-04-08,,,,,,,,,,,,,,,,,
2020-04-09,,,,,,,,,,,,,초중고 순차적 온라인 개학,,,,
2020-04-10,,,,,,,,,,,,,,ZE 300명 희망퇴직 공고,,,
2020-04-11,,,,,,,,,,,,,,,,,
2020-04-12,,,,,,,,,,,,,,,,,
2020-04-13,,,,,,,,,,,,,,한국인 입국 금지국 중 90개국 무비자 입국 제한,,,
2020-04-14,,,,,,,,,,,,,,,,,
2020-04-15,,,,,,,,,,,,,21대 국회의원 선거,,,,
2020-04-16,,,,,,,,,,,,,,,,,
2020-04-17,,,,,,,,,,,,,,,,,
2020-04-18,,,,,,,,,,,,,,,,,
2020-04-19,,,,"캐나다 총기 난사, 14명 사망",,,,,,,,,,,,,
2020-04-20,,,,,,,,,,,,,,,국제유가 마이너스 기록,,
2020-04-21,,,,,,호주 2위 버진 오스트레일리아 법정관리,,,,,,,김정은 건강이상설 보도,외교부 특별여행주의보 1개월 연장(5/23 자동해제),,,
2020-04-22,,,,,,,,,,,,,,,,,
2020-04-23,,,,,,,,,,,,,1분기 경제성장률 -1.4%,문체부 장관 여행업계 간담회,,,
2020-04-24,,,,,,,,,,,,,,,,,
2020-04-25,,,,,,,,,,,,,,,,,
2020-04-26,,,,,,,,,,,,,,,,,
2020-04-27,,,(오보) 뉴질랜드 코로나 종식 선언,,,,,,,,,,,,,,
2020-04-28,,,,,,,,,,,,,,,,,
2020-04-29,,,,,,,,,,,,,,,,,
2020-04-30,,,,,,,,,,,,,,,,,
2020-05-01,,,,,,,,,,,,,,,,,
2020-05-02,,,,,,,,,,,,,,,,,
2020-05-03,,,,,,,,,,,,,,,,,
2020-05-04,,,,,,,,,,,,,전국민 긴급재난지원금 지급,,,,
2020-05-05,,,,,,,,,,,,,사회적 거리두기 종료(3/22~5/5),,,,
2020-05-06,,,,,,,,,,,,,"생활 속 거리두기 시행(5/6~) / 
 이태원발 확진자 발생으로 인한 코로나19 재확산",,,,
2020-05-07,,,,,,,,,,,,,정의연 논란 촉발(이용수 할머니 1차 기자회견),,,,
2020-05-08,,,,,,,,,,,,,,,,,
2020-05-09,,,,,,,,,,,,,,,,,
2020-05-10,,,100년 전통 콜롬비아 아비앙카항공 파산보호신청,,,,,,,,,,,,,,
2020-05-11,,,,,,,,,,,,,,,,,
2020-05-12,,,,,,,,,,,,,,,,,
2020-05-13,,,,,,,,,,,,,,대한항공 1조원 유상증자,,,
2020-05-14,,,,,,,,,,,,,,,,,
2020-05-15,,,,,,,슬로베니아 유럽 최초 코로나 종식 선언,,,,,,,,,,
2020-05-16,,,,,,,,,,,,,,,,,
2020-05-17,,,,,,,,,,,,,,,,,
2020-05-18,,,,,,,,,,,,,,,모더나 백신 임상1상 성공적 결과,,
2020-05-19,,"타이항공, 법정관리",,,,,,,,,,,,,,,
2020-05-20,,,,,,,,,,,,,고3부터 단계적 등교 시작,,,,
2020-05-21,,,,,,,,"에미레이트항공, 3만명 감원 계획",,,,,,제주항공 1700억 유상증자,,,
2020-05-22,"파키스탄 남부 A320 추락, 97명 사망",,,,,,,,,,,,,외교부 특별여행주의보 연장(6/19까지),,,
2020-05-23,,,,,,,,,,,,,,,,,
2020-05-24,,,,,,,,,,,,,,,,,
2020-05-25,,,,,,,,,,,,,,,,,
2020-05-26,,,조지 플로이드 사망사건 항의시위(Black Lives Matter),"중남미 최대 라탐항공, 파산보호 신청",,,,,,,,,,,,,
2020-05-27,,,,,,,,,,,,,,"중대본, 국내 전 항공사 국제선-국내선서 승객 마스크 착용 의무화",,,
2020-05-28,,,,,,,,,,,홍콩 보안법 통과,,"한은, 기준금리 인하 0.75% → 0.5%",,,,
2020-05-29,,,,,,,,,,,,,,,,,
2020-05-30,,,,,,,,,,,,,,,,,
2020-05-31,,,스페이스X 민간유인우주선 발사,,,,,,,,,,,,,,
2020-06-01,,,,,,,,,,,,,,,,,
2020-06-02,,,,,,,,,,,,,,,,,
2020-06-03,,,,,,,,이탈리아 솅겐 협정 가입국 관광객 14일 격리 없이 입국 허융,,,,,,코로나로 쌓인 면세품 재고 3일부터 온라인 판매,,,
2020-06-04,,"에어아시아, SK에 지분 10% 인수 제안(1천억원)",,,,,,,,,,,외환서비스 혁신 방안 발표(환전업 위탁 가능),,,,
2020-06-05,,,,,,,,,,,,,,,,,
2020-06-06,,,,,,,,,,,,,,,,,
2020-06-07,,,,,,,,,,,,,,,,,
2020-06-08,,,,,,,,,,,,,,,,,
2020-06-09,,,,,,,,,,,,,,,,,
2020-06-10,,,,,,,,,,,,,,,,,
2020-06-11,,,,,,,,,,,,,,,,,
2020-06-12,,,,,,,,,,,,,,,,,
2020-06-13,,,,,,,,,,,,,,,,,
2020-06-14,,,,,,,,,,,,,,,,,
2020-06-15,,,,,,,,그리스 한국포함 29개국 관광객 격리조치없이 입국 허용,,,,,,,,,
2020-06-16,,,,,,,,,,,,,,,,,
2020-06-17,,,,,,,,,,,,,,,,,
2020-06-18,,,,,,,,,,,,,,,,,
2020-06-19,,,,,,,,,,,,,,외교부 특별여행주의보 연장(7/19까지),,,
2020-06-20,,,,,,,,,,,,,,,,,
2020-06-21,,,,,,,,,,,,,,,,,
2020-06-22,,,,,,,,,,,,,,,,,
2020-06-23,,,,,,,,,,,,,SK바이오팜 주식 청약 흥행,,,,
2020-06-24,,,,,,,,,,,,,,,,,
2020-06-25,,,,,,,,,,,,,,,,,
2020-06-26,,,,,,,,,,,,,,,,,
2020-06-27,,,,,,,,,,,,,,,,,
2020-06-28,,,,,,,,,,,,,,,,,
2020-06-29,,,,,,,,,,,,,,,,,
2020-06-30,,,,,,,,,,,,,,,,,
2020-07-01,,,,,,"(잠정연기) 괌 한국,일본,대만 3개국 여행재개",스페인 관광 재개(외국 입국자 2주 격리 해제),,,,,,,"문관부, 7/1~19 특별여행 주간 실시(국내여행)",,,
2020-07-02,,,,,,,,,,,,,,,,,
2020-07-03,,,,,,,,,,,,,,,,,
2020-07-04,,,,,,,,,,,,,,,,,
2020-07-05,,,,,,,,,,,"중국 한 달째 폭우로 이재민 1900만, 사망·실종 121명",,,,,,
2020-07-06,,,,,,,,,,,,,,,,,
2020-07-07,,,,,,,두바이 외국인 관광객 입국 허용,,"규슈 폭우 사망·실종 60명, 130만명 대피 지시",,,,,,,,
2020-07-08,,,,,,,,,,,,,,,,,
2020-07-09,,,,,,,,,,,,,박원순 서울시장 사망,,,,
2020-07-10,,,,,,,,,,,,,,,,,
2020-07-11,,,,,,,,,,,,,,,,,
2020-07-12,,,,,,,,,,,,,공적마스크제도 폐지,,,,
2020-07-13,,,,,,,,,,,,,,,,,
2020-07-14,,,,,,,,,,,,,,,,,
2020-07-15,,,,,,"북마리아나제도(사이판) 관광객 입국허용 /
 타히티, 보라보라섬 입국허용",,,,,,,"2021년 최저임금 8,720원 결정",,,,
2020-07-16,,,,,,,,,,,,,,,,,
2020-07-17,,,,,,,,,,,,,,외교부 특별여행주의보 연장(8/19까지),,,
2020-07-18,,,,,,,,,,,,,,,,,
2020-07-19,,,,,,,,,,,,,,,,,
2020-07-20,,,,,,,,,,,,,,,,,
2020-07-21,,,,,,,,,,,,,,,,,
2020-07-22,,,,,,,,,,"일본, 자국민 대상 고투트래블 캠페인 진행",,,,,,,
2020-07-23,,,,,,,,,,,,,,"제주항공, 이스타항공 인수 무산",,,
2020-07-24,,,휴스턴 中영사관 폐쇄,,,,,,(1년연기) 제32회 도쿄올림픽(7/24~8/9),,청두 美영사관 폐쇄,,,,,,
2020-07-25,,,,,,"괌, 한국인 여행객 의무 시설격리 및 검진절차 해제",,,,,,,,,,,
2020-07-26,,,,,,,,,,,,,,,,,
2020-07-27,,,,,,,,,,,,,,마리트 432억원 투자 유치,,,
2020-07-28,,,,,,,,,,,,,,,,,
2020-07-29,,,,,,,,,,,,,,,,,
2020-07-30,,,,,,,,,,,,,,,,,
2020-07-31,,,,,,,,,,,,,,,,,
2020-08-01,,,,,,,,,,,,,,,,,
2020-08-02,,,스페이스X 크루드래곤 스플래시다운 성공,,,,,,,,,,2분기 경제성장률 -3.3%,,,,
2020-08-03,,,,,,,,,,,,,"7말8초 집중호우, 출동 소방관 실종 등 인명피해 속출",,,,
2020-08-04,,,,,,,레바논 베이루트 폭발사고,,,,,,,,,,
2020-08-05,,,,,,,,,,,,,,,,,
2020-08-06,,,"트럼프, 중국 틱톡·위챗 퇴출 압박",,,,,,,,,,,,,,
2020-08-07,,,,,,,,,,,,,전국 7개 시군 집중호우로 특별재난지역 선포,,,,
2020-08-08,,,,,,,,,,,,,,,,,
2020-08-09,,,미 복지장관 대만 방문에 중국 반발,,,,,,,,미 복지장관 대만 방문에 중국 반발,,,,,,
2020-08-10,,,,,,,,,,,,,,,,,
2020-08-11,,,,,,,"러시아, 코로나 백신(스푸트니크V) 개발 발표했으나 국제사회 안전성 우려",,,,,,,,,,
2020-08-12,,,,,,,,,,,,,,,,,
2020-08-13,,,,,,,,,,,,,,,,,
2020-08-14,,,,,,,,,,,,,,문화체육관광부와 한국관광공사가 전개하는 ‘K-방역과 함께하는 대국민 숙박 할인쿠폰’ 지원사업 시작 (8대 소비쿠폰),,,
2020-08-15,,,,,,,,,,,,,,,,,
2020-08-16,,,,,,,,,,,,,서울·경기 사회적 거리두기 2단계 격상,,,,
2020-08-17,,"인니, 한국인 기업인 입국허용 14일 격리도 면제",,,,,,,,,,,광복절 임시공휴일,,,,
2020-08-18,,,,,,,,,,,,,,,,,
2020-08-19,,,,,,,,,,,,,사회적 거리두기 2단계 인천까지 확대,,,,
2020-08-20,,,,,,,,,,,,,,외교부 특별여행주의보 연장(9/18까지),,,
2020-08-21,,,,,,,,,,,,,,,,,
2020-08-22,,,,,,,,,,,,,,,,,
2020-08-23,,,흑인 남성 세 아들 앞 경찰 총격당해 위스콘신주 시위 확산,,,,,,,,,,전국 사회적 거리두기 2단계 격상(8/23~9/20),,,,
2020-08-24,,,"미 FDA, 코로나 혈장 치료제 긴급 승인",,,,터키VS크리스 동지중해 가스 시추 놓고 갈등 심화,,,,,,서울시 전역 모든 실내외공간 마스크 착용의무화,"여행업, 특별고용업종 지정 6개월 연장(21년 3월까지)",,,
2020-08-25,,,,,,,,,,,,,,"대한항공, 기내식·면세품 사업 매각",,,
2020-08-26,,,,,,,,,,,,,의협 총파업 / 태풍 바비 북상,,,,
2020-08-27,,"대만, 기업인 입국절차 간소화 대상에서 한국 제외",,,,,,,,,,,,,,,
2020-08-28,,,,,,,,,건강악화로 아베 사임,,,,,이스타항공 희망퇴직 신청(8/28~8/31),,,
2020-08-29,,"싱가포르, 한국발 입국자 검역강화(자가격리→시설격리)",,,,,,,,,,,,,,,
2020-08-30,,,,,,,,,,,,,수도권 사회적 거리두기 2.5단계 시행(8/30~9/13),,,,
2020-08-31,,,,,,,,,,,,,,,,,
2020-09-01,,,,,,,,,,,,,카카오게임즈 공모주 개인청약,,,,
2020-09-02,,,,,,,,,,,,,9호 태풍 마이삭 상륙. 영남권 피해,,,,
2020-09-03,,,,,,,,,,,,,,,,,
2020-09-04,,,,,,,,,,,,,,,,,
2020-09-05,,,,,,,,,,,,,,,,,
2020-09-06,,,,,,,,,,,,,,,,,
2020-09-07,,,,,,,,,,,,,10호 태풍 하이선 상륙,,,,
2020-09-08,,,,,,,그리스 난민 캠프 화재,,,,,,,,,,
2020-09-09,,,,,,,,,,,,,,,,,
2020-09-10,,,,,,,,,,,,,,,,,
2020-09-11,,대만발 제주행 가상출국 상품 출시 4분만에 매진,,,,,,,,,,,,아시아나항공 매각 결렬 발표,,,
2020-09-12,,,,,,,,,,,,,,,,,
2020-09-13,,,,,,,,,,,,,,,,,
2020-09-14,,,,,,,,,,,,,수도권 사회적 거리두기 2단계 완화(9/14~9/27),,,,
2020-09-15,,,,,,,,,,,,,,,,,
2020-09-16,,,,,,,,,스가 요시히데 일본 총리 선출,,,,,,,,
2020-09-17,,,,,,,,,,,,,,,,,
2020-09-18,,,,,,,,,,,,,,외교부 특별여행주의보 연장(10/18까지),,,
2020-09-19,,,,,,,,,,,,,,,,,
2020-09-20,,,,,,,,,,,,,전국 거리두기 2단계 27일까지 연장,,,,
2020-09-21,,,,,,,,,,,,,,,,,
2020-09-22,,,,,,,,,,,,,실종 공무원 북 피격으로 사망,,,,
2020-09-23,,,,,,,,,,,,,,,,,
2020-09-24,,,,,,,,,,,,,,,,,
2020-09-25,,"인천-하노이·호치민 노선에 대해 각 주 2회, 총 4회 왕복 운항 재개",,,,,,,,,,,,,,,
2020-09-26,,,,,,,,,,,,,,,,,
2020-09-27,,,,,,,,,,,,,,,,,
2020-09-28,,,,,,,,,,,,,추석 특별 방역 대책 시행(9/28~10/11),,,,
2020-09-29,,,,,,,,,,,,,,,,,
2020-09-30,,,,,,,,,,,,,,,,,
2020-10-01,,,,,,,,,,,,,,,,,
2020-10-02,,,도널드 트럼프 美 대통령 코로나 확진,,,,,,,,,,,,,,
2020-10-03,,,,,,,,인천→모스크바 노선 주 2회 운항 재개,,,,,,,,,
2020-10-04,,,,,,,,,,,,,,,,,
2020-10-05,,,,,,,아제르바이잔-아르메니아 갈등 심화,,,,,,빅히트 공모주 청약,,,,
2020-10-06,,,,,,,,,,,,,,,,,
2020-10-07,,,,,,,,,,,,,北 조성길 전 이태리 대사대리 한국체류 확인 / 임신 14주 이내 낙태 전면 허용 입법예고,여행박사 희망퇴직 공고,,,
2020-10-08,,,,,,,,,,한·일 기업인 특별입국절차 시행,,,울산 주상복합 화재,,,,
2020-10-09,,,,,,,,모스크바→인천 노선 주 1회 운항 재개,,,,,,,,,
2020-10-10,,,,,,,日 베를린 소녀상 철거 로비 / 韓 철거 반대 청원,,,,,,,,,,
2020-10-11,,,,,,,킬리만자로 국립공원 산불,,,,,,北 노동당 창건 75주년 열병식,자유투어 오프라인 영업중단,,,
2020-10-12,,,,,,,,,,,,,전국 사회적 거리두기 1단계 완화,,,,
2020-10-13,,,,,,,,,,,,,전국 버스·병원 등 마스크 의무화…내달 13일부터 과태료 최고 10만원,,,,
2020-10-14,,,,,,,,,,,,,,이스타항공 605명 정리해고,,,
2020-10-15,,,,,,,,,,,,,,,,,
2020-10-16,,,,,,,,,,,,,,,,,
2020-10-17,,,,,,,,,,,,,,,,,
2020-10-18,,,,,,,,,,,,,,특별여행주의보 재연장 ~11/17까지,,,
2020-10-19,,,,,,,,,,,,,독감백신 접종 후 첫 사망자 발생,,,,
2020-10-20,,,,,,,,,,,,,,,,,
2020-10-21,,,,,,,,,,,,,,,,,
2020-10-22,,,,,,,,,,,,,8대 소비쿠폰 지급 재개 (공연/영화/체육 3대분야 우선 재개. 숙박/여행/외식은 방역상황에 따라 추후 재개 예정),,,,
2020-10-23,,,,,,,,,,,,,,여행박사 희망퇴직 진행절차 논란(現대표 심경글 화제~前대표 중앙일보 인터뷰),,,
2020-10-24,,,,,,,,,,,,,,,,,
2020-10-25,,,,,,,,,,,,,삼성 이건희 사망,,,,
2020-10-26,,,,,,,,,,,,,,,,,
2020-10-27,,,,,,,,,,,,,,,,,
2020-10-28,,,,,,,,,,,,,,,,,
2020-10-29,,,,,,,,,,,,,,,,,
2020-10-30,,"몰디브, 96시간 음성이면 자가 격리 면제",,,,,"터키·그리스 강진으로 사망자 39명, 800여 명 부상",,,"일본, 한국 등 9개 국가 여행 규제 완화(3단계→2단계)",,,,정부 국내여행상품 30%할인권 지급 (타이드스퀘어 투어비스 예약),,,
2020-10-31,,,,,,,,,,,,,,,,,
2020-11-01,,,,,,,,,,,,,거리두기 5단계 개편,,,,
2020-11-02,,,,,,,,,,,,,,,,,
2020-11-03,,,美대통령선거,,,,,,,,,,,,,,
2020-11-04,,,,,,,,,,,,,,"정부 100만명 숙박 할인권 지급 (3,4만원)",,,
2020-11-05,,,,,,,,,,,,,,,,,
2020-11-06,,,,,,,,,,,,,,아시아나항공 압수수색,,,
2020-11-07,,,,,,,,,,,,,,,,,
2020-11-08,,,조 바이든 美대통령 당선 확정,,,,,,,,,,,코로나로 강제휴직 항공사 승무원 극단 선택,,,
2020-11-09,,,,,,,,,,,,,,,,,
2020-11-10,,,,,,,,,,,,,,"아시아나, HDC 계약금 두고 소송 제기",화이자 코로나 백신 3상 임상시험 결과 발표(예방효과 90%),,
2020-11-11,,(연기) 홍콩-싱가포르 트래블버블 협약 체결,,,,,,,,,,(연기) 홍콩-싱가포르 트래블버블 협약 체결,,,,,
2020-11-12,,,,,,,,,,,,,,,,,
2020-11-13,,,,,,,,,,,,,,,,,
2020-11-14,,,,,,,,,,,,,,,,,
2020-11-15,,,,,,,,,,,,,,,,,
2020-11-16,,,,,,,,,,,,,,"대한항공, 아시아나 인수 공식 확정",,,
2020-11-17,,,,,,,,,,,,,,특별여행주의보 재연장 ~12/17까지,모더나 코로나 백신 중간결과 발표(예방효과 95%),,
2020-11-18,,,,,,,,,,,,,,김해 신공항 타당성 검증 결과 발표 → 백지화 수순,,,
2020-11-19,,,,,,,,,,,,,수도권 사회적 거리두기 1.5단계 격상,,,,
2020-11-20,,,,,,,,,,,,,노량진 학원발 코로나 발생,,,,
2020-11-21,,,,,,,,,,,,,,,,,
2020-11-22,,,,,,,,,,,,,,,,,
2020-11-23,,,,,,,,,,,,,,참좋은여행 정상영업 재개(예약금 1만원 21년 여행예약),,,
2020-11-24,,,,,,,,,,,,,"사회적 거리두기 수도권 2단계, 호남 1.5단계 격상(~12/7)",수도권 거리두기 2단계 격상에 따른 소비할인쿠폰 발급 잠정중단,,,
2020-11-25,,,,,,,,,,,,,,,,,
2020-11-26,,,,,,,,,,,,,,,,,
2020-11-27,,,,,,,,,,,,,,,,,
2020-11-28,,,,,,,,,,,,,,,,,
2020-11-29,,,,,,,,,,,,,,,,,
2020-11-30,,,,,,,,,,,,,사회적 거리두기 전국 1.5단계 상향 / 수도권 2단계 유지+α조치,,,,
2020-12-01,,,,,,,,,,,,,,,,,
2020-12-02,,,,,,,영국 입국객 자가격리 기간단축 14일→7일,,,,,,,,,,
2020-12-03,,,,,,,,,,,,,,,,,
2020-12-04,,,,,,,,,,,,,,,,,
2020-12-05,,,,,,,,,,,,,,,,,
2020-12-06,,,,,,,,,,,,,,,,,
2020-12-07,,,,,,,,,,,,캐세이퍼시픽 탑승객 대상 무료 코로나19 보험 제공,,,,,
2020-12-08,,,,,,,"영국, 코로나 백신 접종 시작",,,,,,"사회적거리두기 수도권2.5단계, 전국2단계",,,,
2020-12-09,,,,,,,,,,,,,,,,,
2020-12-10,,,,,,,,,,,,,,,,,
2020-12-11,,,,,,,,,,,,,,,,,
2020-12-12,,,,,,,,,,,,,,"아시아나·제주항공, 무착륙 국제관광비행",,,
2020-12-13,,,,,,,,,,,,,코로나 1일 확진자 1천명 돌파,,,,
2020-12-14,,,,,,,,,,,,,,,,,
2020-12-15,,,"미국, 코로나 백신 접종 시작",,,,,,,,,,부산 사회적거리두기 2.5단계 격성,,,,
2020-12-16,,,,,,,,,,,,,,,,,
2020-12-17,,,,,,,,,,,,,,특별여행주의보 재연장 ~1/16까지,,,
2020-12-18,,대만 → 싱가포르 관광 프리패스,,,,,,,,,,,,,,,
2020-12-19,,,,,,,,,,,,,,,,,
2020-12-20,,,,하와이 킬라우에아 화산 폭발,,,,,,,,,,,,,
2020-12-21,,,,,,,,,,,,,,,,,
2020-12-22,,,,,,,,,,,,,,,,,
2020-12-23,,,,,,,,,,,,,,,,,
2020-12-24,,,,,,,,,,,,,5인 이상 모임금지(12/23~1/3),,,,
2020-12-25,,,,,,,,,,,,,,,,,
2020-12-26,,,,,,,,,,,,,,,,,
2020-12-27,,,,,,,,,,,,,사회적거리두기 수도권2.5단계 연장( ~1/3),,,,
2020-12-28,,,,,,,,,,,,,,3차 재난지원금 여행업 종사자 1인 150만원,,,
2020-12-29,,,,,,,,,,,,,,,,,
2020-12-30,,,,,,,,,,,,,,,,,
2020-12-31,,,,,,,,,,,,,,,,,
2021-01-01,,,,,,,,,,,,,"21년 최저시급 8,720원 / 고교전학년 무상교육 / 낙태죄폐지",,,,
2021-01-02,,,,,,,,,,,,,,,,,
2021-01-03,,,,,,,,,,,,,,,,,
2021-01-04,,,,,,,"이란 혁명수비대, 한국 국적 상선 나포",,,,,,"1) 사회적거리두기 수도권2.5단계, 5인 모임 금지 연장(~1/17) 2) 한국 국적 상선 이란에 나포",,,,
2021-01-05,,,,,,,,,,,,,,,,,
2021-01-06,,,,,,,,,,,,,,,,,
2021-01-07,,,트럼프 지지 시위자 美 의사당 난입,,,,,,,,,,,,,,
2021-01-08,,,,,,,,,,,,,,모든 외국인 입국시 코로나19 음성 확인서 제출 의무화,,,
2021-01-09,,인도네시아 국내선 여객기 추락,,,,,,,,,,,,,,,
2021-01-10,,,,,,,,,,,,,,,,,
2021-01-11,,,,,,,,,,,,,,,,,
2021-01-12,,,,,,,,,,,,,,,,,
2021-01-13,,,,,,,,,,비즈니스 트랙 포함 모든 외국인 입국 중단,,,,교원그룹 KRT 인수,,,
2021-01-14,,,트럼프 탄핵안 하원 통과,,,,,,,,,,,,,,
2021-01-15,,인도네시아 술라웨시섬 규모 6.2 지진,,,,,,,,,,,,특별여행주의보 재연장 ~2/15까지,,,
2021-01-16,,,,,,,,,,,,,,,,,
2021-01-17,,,,,,,,,,,,,,,,,
2021-01-18,,,,,,,,,,,,,"사회적거리두기 수도권2.5단계, 비수도권 2단계, 5인 모임 금지 연장(~1/31)",,,,
2021-01-19,,,,,,,,,,,,,,,,,
2021-01-20,,,美 바이든 대통령 취임,,,,,,,,,,,,,,
2021-01-21,,,,,,,이라크 자살폭탄 테러 32명 사망 110명 부상,,,,,,,,,,
2021-01-22,,,,,,,,,,,,,,,,,
2021-01-23,,,,,,,,,,,,,,,,,
2021-01-24,,,,,,,,,,,,,,,,,
2021-01-25,,,,,,,,,,,,,,,,,
2021-01-26,,,,,,,,,,,,,,,,,
2021-01-27,,,,,,,,,,,,,,,,,
2021-01-28,,,,,,,,,,,,,,,,,
2021-01-29,,,,"캐나다, 입국자 코로나 검사 의무화…비용 174만원 여행자 부담",,,,,,,,,,,,,
2021-01-30,,"싱가포르, 韓 포함 3개국 여행객 코로나 격리 면제 중단",,,,,,,,,,,,,,,
2021-01-31,,,,,,,,,,,,,"사회적거리두기 수도권2.5단계, 비수도권 2단계, 5인 모임 금지 연장(~2/14)",,,,
2021-02-01,미얀마 군부 쿠데타,,,,,,,,,,,,,,,,
2021-02-02,,,,,,,,,,,,,,,,,
2021-02-03,,,,,,,,,,,,,,,,,
2021-02-04,,,,,,,,,,,,,,,,,
2021-02-05,,,,"하와이, 코로나19 음성시 자가격리 면제",,,,,,,,,,,,,
2021-02-06,,,,,,,,,,,,,국산 1호 코로나 치료제 '렉키로나' 허가,,,,
2021-02-07,,,,,,,,,,,,,,,,,
2021-02-08,,,,,,,,,,,,,아스트라제네카 백신 논란,,,,
2021-02-09,,,,,,,,,,,,,비수도권 다중이용시설 밤 10시까지 영업 허용,,,,
2021-02-10,,,,,,,,,,,,,,,,,
2021-02-11,,,,,,,,,,,,,,,,,
2021-02-12,,,,,,,,,,,,,,,,,
2021-02-13,,,,,,,,,,,,,,,,,
2021-02-14,,,,,,,,,,,,,,,,,
2021-02-15,,,,,,,,,,,,,"사회적거리두기 수도권2단계, 비수도권 1.5단계 / 수도권 10시까지 영업 / 5인 모임 금지 직계가족 예외 조치",,,,
2021-02-16,,,,,,,,,,,,,,,,,
2021-02-17,,,,,,,,,,,,,,"1) 국토부, 에어로케이, 에어프레미아 신규 취항 기한 연장 2) 진에어부산 상표권 등록",,,
2021-02-18,,,,,,,,,,,,,,"여정트래블, 태국 격리 골프 출발",,,
2021-02-19,,,,,,,,,,,,,,,,,
2021-02-20,,,"유나이티드항공 보잉777 엔진 폭발·파편낙하, 전세계 777(PW4000엔진) 운항중단",,,,,,,,,,,,,,
2021-02-21,,,,,,,,,,,,,,,보잉777 엔진 파편 추락,,
2021-02-22,,,,"캐나다, 정부 지정 호텔 격리 3일 등 입국규정 강화",,,,,,,,,안동·예천 산불,"여행업계, 청와대 앞 단체·1인 시위",,,
2021-02-23,,,,,,,,,,,,,,,,,
2021-02-24,,,,,,,,,,,,,,,,,
2021-02-25,,,,,,,,,,,,,네이버 실검 폐지,네이버&대한항공 MOU,,,
2021-02-26,,,,,,,,,,,,,"5인 이상 모임 금지, 영업시간 제한 2주간 현행 유지 / 국내 첫 코로나19 백신 접종 시작",,,,
2021-02-27,,,,,,,,,,,,,,,,,
2021-02-28,,,,,,,,,,,,,,,,,
2021-03-01,,,,,,,,,,,,,,,,,
2021-03-02,,,,,,,,,,,,,,,,,
2021-03-03,,,,,,,,,,,,,,,,,
2021-03-04,,,,,,,,,,,,,,,,,
2021-03-05,,,,,,,,,,,,,,,,,
2021-03-06,,,,,,,,,,,,,,,,,
2021-03-07,,"에어아시아, 에어택시·드론배송 진출",,,,,,,,,,,,,,,
2021-03-08,,,,,,,,,,,,,,"야놀자, 전 직원에 1천만원 상당 주식 무상 지급",,,
2021-03-09,,,,,,,,,,,,,,,,,
2021-03-10,,,,,,,"적도기니 연쇄폭발 사고, 사망자 100명 육박",,,,,,"구글, 유튜브 미국 시청자에 나온 수익 미국에도 세금 내도록 규정 변경","노랑풍선, 200억 규모 미래 투자재원 확보",,,
2021-03-11,,,,,,,,,,,,,쿠팡 뉴욕증시 상장,에어서울·제주항공 접촉사고,,,
2021-03-12,,,,,,,,,,,,,,,,,
2021-03-13,,,,,,,,,,,,,,,,,
2021-03-14,,,,,,,,"백신 속도전 이스라엘, 야외서 마스크 벗고 해외여행 허용",,,,,,,,,
2021-03-15,,,,,,,,,,,,,직계·상견례·영유아 동반시 8인까지 사적모임 허용,,,,
2021-03-16,,,아시아계 증오범죄 애틀란타 총격 사건,,,,,,,,,,,,,,
2021-03-17,,,,,,,,,,,,,,,,,
2021-03-18,,,,,,,,,,,,,"CGV, 여행X영화 콘텐츠…'미나리' 컨셉 상영회","대한항공, IATA 트래블 패스 시범 운영 참여",,,
2021-03-19,북한·말레이시아 단교,,,,,,,,,,중국 군·공무원 테슬라 전기차 사용 금지,,,"펫츠고트래블, 국내 최초 반려견 동반 전세기",,,
2021-03-20,,,,,,,,,미야기현 6.9 강진,,,,,,,,
2021-03-21,,,,,,,,,해외관중 없는 도쿄올림픽 확정,,,,북한 서해상으로 순항미사일 발사,,,,
2021-03-22,,,콜로라도 총격사건,,,,,,,,,,,,,,
2021-03-23,,,페루 ‘케스와차카 밧줄 다리’ 끊어져,,,,수에즈운하 마비,,,,,,,,,,
2021-03-24,,,,,,,,,,,,,,"야놀자, 언택트 임대주택 거래사업 진출",,,
2021-03-25,,,,,,,,,,,,,북한 동해상으로 탄도미사일(추정) 발사,,,,
2021-03-26,,,,,,,,,,,,,,,,,
2021-03-27,,,,,,,,,,,,,,,,,
2021-03-28,,,,,,,,,,,,,,,,,
2021-03-29,,,,,,,,,,,,,,,,,
2021-03-30,,,,,,,,,,,,,,,,,
2021-03-31,,,,,,,,,,,,,,,,,
2021-04-01,,대만-팔라우 트래블버블 시행,,,,대만-팔라우 트래블버블 시행,,,,,,,,,,,
2021-04-02,,,,,,,,,,,,,,,,,
2021-04-03,,,,,,,,,,,,,,,,,
2021-04-04,,,,,,,,,,,,,,제주항공 기내식 간편식 출시,,,
2021-04-05,,,,,,,,,,,,,,야놀자 모바일 강원상품권 결제시스템 도입,,,
2021-04-06,,,,"JTB, 자기계발 목적 최대 2년 휴직제 도입",,,,,,,,,,제주항공 기내식 카페 오픈,,,
2021-04-07,,,,,,,,,,,,,서울·부산시장 보궐선거,,,,
2021-04-08,,,,,,,카리브해 세인트빈센트섬서 화산 폭발,,,,,,,"티웨이항공, 일반인 안전체험 '크루 클래스' 운영",,,
2021-04-09,,,,,,,북아일랜드 폭력 시위 지속,,,,,,,,,,
2021-04-10,,,,,,,,,,,,,,,,,
2021-04-11,,,,,,,,,,,,,,,,,
2021-04-12,,,,,,,,,,,,,"수도권, 부산 유흥시설 전면 영업금지~5/2",,,,
2021-04-13,,,,,,,,,,,,,,,,,
2021-04-14,,,,,,,,,,,,,,,,,
2021-04-15,,,,,,,,,,,,,,,,,
2021-04-16,,,,,,,,,,,,,,불법 탑승 재발 방지 대책에 따른 인터뷰 등으로 김포공항 출발장 극심한 혼잡,,,
2021-04-17,,,,,,,,,,,,,,,,,
2021-04-18,,,,,,,,,,,,,,,,,
2021-04-19,,,,,,호주-뉴질랜드 트래블버블 시행,,,,,,,,,,,
2021-04-20,,,,,,,,,,,,,,,,,
2021-04-21,,,,,,,,,,,,,,,,,
2021-04-22,,,,,,,,,,,,,평택항 고 이선호씨 사망사건,,,,
2021-04-23,,,,,,,,,,,,,,,,,
2021-04-24,,,,,,,,,,,,,,,,,
2021-04-25,,,,,,,,,,,,,고 손정민씨 한강 의대생 사망사건,,,,
2021-04-26,,,,,,,,,,,,,,,,,
2021-04-27,,,,,,,,,,,,,,질병청 백신여권 '쿠브' 공개,,,
2021-04-28,,,,,,,,,,,,,,,,,
2021-04-29,,,,,,,,,,,,,"백신 노쇼 물량, 누구든 접종 신청 가능",,,,
2021-04-30,,,,,,,,,,,,,"정부, 가족 개념 확대 추진",하나투어X하나은행 '하나의 여행적금' 출시,,,
2021-05-01,,,,,,,,,,,,,,,,,
2021-05-02,,,,,,,,,,,,,,,,,
2021-05-03,,,,,,,,,,,,,,5/3~8/31 전자여행허가제 시범운영,,,
2021-05-04,,,,,,,,,,,,,,,,,
2021-05-05,,,,,,,,,,,,,,백신접종자 확진자 접촉 후 무증상이면 자가격리 면제,,,
2021-05-06,,,,,,,,,,,,,,"KE, 플라잉카 사업 진출",,,
2021-05-07,,,랜섬에어 공격으로 美 최대 송유관 가동중단. 기름 사재기,,,,,,,,,,,"야놀자, 요기요 인수 베팅",,,
2021-05-08,,,,,,,,,,,,,,,,,
2021-05-09,,,,,,,,,,,,,,,,,
2021-05-10,,,,,,,,,,,,,,,,,
2021-05-11,,,,,,,러시아 카잔 학교서 무차별 총격 30여명 사상,,,,,,,,,,
2021-05-12,,,,,,,,,,,,,,,,,
2021-05-13,,,,,,,,,,,,,,,,,
2021-05-14,,,,,,,,,,,,,,"마켓컬리, 호텔 판매",,,
2021-05-15,,,,,,"괌, 15일부터 백신접종자 한해 현지 격리해제",,,,,,,,,,,
2021-05-16,,,,,,,,,,,,,,티웨이 제주행 항공기 속도계 문제로 한때 비상,,,
2021-05-17,,,,,,,,,,,,,,,,,
2021-05-18,,,,,,,,,,,,,,,,,
2021-05-19,,,,,,,,,,,,,,,,,
2021-05-20,,,,,,,,,,,,,,,,,
2021-05-21,,,,,,,,,,,,,,,,,
2021-05-22,,,,한국발 탑승객 美공항 환승시 짐검사 면제 시범운행(7월~) 합의,,,,,,,,,한미정상회담,한국발 탑승객 美공항 환승시 짐검사 면제 시범운행(7월~) 합의,,,
2021-05-23,,,,,,,,,,,,,,,,,
2021-05-24,,,,,,,,,,,,,,,,,
2021-05-25,,,,,,,,,,,,,,,,,
2021-05-26,,홍콩-싱가포르 트래블버블 → 연기,,,,,,,,,,,,,,,
2021-05-27,,,,,,,,,,,,,,아시아나 항공 주식 거래 정지,,,
2021-05-28,,,,,,,,,,,,,,,,,
2021-05-29,,,,,,,,,,,,,,,,,
2021-05-30,,,,,,,,,,,,,,,,,
2021-05-31,,,,,,,,,,,,,공군 부사관 성폭력 사건,,,,
2021-06-01,,,,,,,,"체코, 한국인은 제한없는 입국 허용",,,,,백신 접종자 가족모임 인원제한 해제 등 인센티브 제공,,,,
2021-06-02,,,,,,,,,,,,,,,,,
2021-06-03,,,,,,,,,,,,,,,,,
2021-06-04,,,,,,,,,,,,,,,,,
2021-06-05,,,,,,,,,,,,,,,,,
2021-06-06,,,,,,,,,,,,,,,,,
2021-06-07,,,,,,,,스페인 백신접종자 대상 입국허용,,,,,,,,,
2021-06-08,,,,,,한국~사이판 정기편 재개,,,,,,,,여기어때 해외 패키지 사업 진출,,,
2021-06-09,,,,,,타히티 한국 포함 그린존 국가 입국 허용,,"프랑스, 한국 포함 일부 국가 자유입국 허용",,,,,광주 학동 철거중 건물 붕괴,,,,
2021-06-10,,,,,,,,,,,,,,"노랑풍선, 한국형 OTA 구축",,,
2021-06-11,,,,,,,,,,,,,,,,,
2021-06-12,,,,,,,,,,,,,,,,,
2021-06-13,,,,,,,,,,,,,,백신 접종완료자 해외단체여행때 미접종 아동은 동반 불가,,,
2021-06-14,,,,,,,,,,,,,,,,,
2021-06-15,,,,,,,,,,,,,,,,,
2021-06-16,,,,,,,,,,,,,,한국관광공사&승우여행사 강원도 트레킹 구독 여행상품 출시,,,
2021-06-17,,,,,,,,,,,,,쿠팡 이천 물류센터 화재,,,,
2021-06-18,,,,,,,,,,,,,델타 변이 바이러스 확산,,,,
2021-06-19,,,,,,,,,,,,,,,,,
2021-06-20,,,,,,,,,,,,,"쿠팡, 도쿄올림픽 온라인 독점 중계  → 각종 논란으로 중계권 최종 포기",,,,
2021-06-21,,,,,,,,,,,,,,,,,
2021-06-22,,,,,,,,,,,,,,,,,
2021-06-23,,,,,,,,,,,,,쿠팡이츠 새우튀김 갑질 논란,,,,
2021-06-24,,,,,,,,,,,,,,,,,
2021-06-25,,,,,,,,,,,,,,,,,
2021-06-26,,,,,,,,,,,,,,,,,
2021-06-27,,,,,,,,,,,,,,,,,
2021-06-28,,,,,,,,,,,,,,,,,
2021-06-29,,,,,,,,,,,,,대체공휴일법 국회 본회의 통과,,,,
2021-06-30,,,,,,"첫 트래블버블, 사이판·티니안 여행법",,,,,,,,,,,
2021-07-01,,"푸켓, 백신접종자 한해 격리없이 여행 허용",,,,,,"EU, 디지털백신여권 도입",,,,,"수도권 6인, 비수도권 8인 모임 허용(7/1~) / 해외 백신접종자도 가족방문·사업·학술목적 방문 시 격리면제",,,,
2021-07-02,,,,,,,,,,,,,,,,,
2021-07-03,,,,,,,,,,,,,,,,,
2021-07-04,,,,,,"괌, 백신 접종 안해도 자가격리 면제",,,,,,,,,,,
2021-07-05,,,,,,,,,,,,,,,,,
2021-07-06,,,,,,,,,,,,,,,,,
2021-07-07,,,,,,,,,,,,,,"모두투어, 백신접종자 3만원 즉시 할인 이벤트 / 레드캡투어 AI 출장비서 서비스 공급",,,
2021-07-08,,,,,,,,,,,,,,,,,
2021-07-09,,,,,,,,,,,,,,,,,
2021-07-10,,,,,,,,,,,,,,,,,
2021-07-11,,,,,,,,,,,,,,첫 민간 우주여행,,,
2021-07-12,,,,,,,,,,,,,토종 1세대 이커머스 '인터파크' 매물로,수도권 거리두기 4단계 시행. 6시 이후 2인 초과 모임 금지,,,
2021-07-13,,,,,,,,,,,,,"22년 최저시급 9,160원 확정",,,,
2021-07-14,,,,,,,남아프리카공화국 폭동,,,,,,,,,,
2021-07-15,,"코사무이, 백신접종자 여행 허용",,,,,,,,,,,,손정의 비전펀드 야놀자에 2조원 투자,,,
2021-07-16,,,,,,,,,,,,,,,,,
2021-07-17,,,,,,,,,,,,,,,,,
2021-07-18,,,,,,,,,,,,,,,,,
2021-07-19,,,,,,,,,,,,,,,,,
2021-07-20,,,,,,,,,,,,,,여행정보 구독서비스 '가볼래-터' 발간,,,
2021-07-21,,,,,,,,,,,,,,,,,
2021-07-22,,,,,,,,,,,,,,,,,
2021-07-23,,,,,,,,,도쿄올림픽(7/23~8/8),,,,,거리두기 4단계 2주 연장 ~8/6,,,
2021-07-24,,,,,,,,,,,,,,,,,
2021-07-25,,,,,,,,,,,,,,,,,
2021-07-26,,,,,,,,,,,,,,,,,
2021-07-27,,,,,,,,,,,,,,,,,
2021-07-28,,,,,,,,,,,,,,,,,
2021-07-29,,,,,,,,,,,,,,,,,
2021-07-30,,,,,,,,,,,,,,,,,
2021-07-31,,,,,,,,,,,,,,,,,
2021-08-01,,,,,,,,,,,,,,,,,
2021-08-02,,,,,,,,,,,,,,,,,
2021-08-03,,,,,,,,,,,,,,,,,
2021-08-04,,,,,,,,,,,,,,,,,
2021-08-05,,,,,,,,,,,,,,,,,
2021-08-06,,,,,,,,,,,,,,모두투어 권고사직 100여명 통보,,,
2021-08-07,,,,,,,,,,,,,,,,,
2021-08-08,,,,,,,,,,,,,,,,,
2021-08-09,,,,,,,,,,,,,,,,,
2021-08-10,,,,,,,,,,,,,,,,,
2021-08-11,,,,,,,,,,,,,,,,,
2021-08-12,,,,,,,,,,,,,,,,,
2021-08-13,,,,,,,,,,,,,,,,,
2021-08-14,,,,,,,,,,,,,,,,,
2021-08-15,,,,,,,,,,,,,홍범도 장국 유해 귀환,,,,
2021-08-16,,푸켓 샌드박스 7+7 익스텐션 시행,,,,,"탈레반, 아프가니스탄 수도 카불 장악",,,,,,,,,,
2021-08-17,,,,,,,,,,,,,,,,,
2021-08-18,,,,,,,,,,,,,,,,,
2021-08-19,,,,,,,,,,,,"홍콩, 한국 백신접종증명서 불인정",,,,,
2021-08-20,,,,,,,,,,,,"홍콩, 한국 백신접종증명서 다시 인정",,"KE, 5년 내 A380 운항 중단 선언",,,
2021-08-21,,,,,,,,,,,,,,,,,
2021-08-22,,,,,,,,,,,,,,,,,
2021-08-23,,,,,,,,,,,,,,"여기어때, 야놀자 숙박정보 무단 사용으로 10억원 배상 판결",,,
2021-08-24,,,,,,,,,패럴림픽(8/24~9/5),,,,,,,,
2021-08-25,,,,,,,,,,,,,,,,,
2021-08-26,,,,,,,아프간 특별공로자 국내 도착(미라클 작전),,,,,,"한은, 기준금리 인상 0.5% → 0.75%",,,,
2021-08-27,,,,,,,,,,,,,,,,,
2021-08-28,,,,,,,,,,,,,,,,,
2021-08-29,,,,,,,,,,,,,,,,,
2021-08-30,,,,,,,,,,,,,백신접종 완료 후 2주 지나 입국하면 격리면제,,,,
2021-08-31,,,,,,,,,,,,,,,,,
2021-09-01,,,,,,,,,,,,,,전자여행허가제 시행,,,
2021-09-02,,,,,,,,,,,,,윤석열 고발 사주 의혹,대한항공 퇴역 항공기 굿즈 인기,,,
2021-09-03,"필리핀항공, 코로나19 여파로 파산보호(챕터11) 신청",,,,,,,,,,,,,,,,
2021-09-04,,,,,,,,,,,,,,,,,
2021-09-05,,,,,,,,,,,,,,,,,
2021-09-06,,,,,,,,,,,,,,,,,
2021-09-07,,,,캐나다 국경 개방,,,,,,,,,,참좋은여행 사이판 600명 모객 기사 보도,,,
2021-09-08,,,,,,,,,,,,,,,,,
2021-09-09,,,,,,,,,,,,,,,,,
2021-09-10,,,,,,,,,,,,,,,,,
2021-09-11,,,,,,,,,,,,,,,,,
2021-09-12,,,,,,,,,,,,,,,,,
2021-09-13,,,,,,,,,,,,,,인터파크투어 인형 해외여행 상품 출시,,,
2021-09-14,,,,,,,,,,,,,,,,,
2021-09-15,,,,,,,,,,,,,,,,,
2021-09-16,,,,,,,,,,,,,이재명 대장동 개발사업 특혜 의혹,혜초여행 유럽여행 출발,,,
2021-09-17,,,,,,,,,,,,,,여행업 고용유지 지원 30일 연장,,,
2021-09-18,,,,,,,,,,,,,,,,,
2021-09-19,,,,,,,,,,,,,,,,,
2021-09-20,,,,,,,,,,,,,,,,,
2021-09-21,,,,,,,,,,,,,,,,,
2021-09-22,,,,,,,,,,,,,,,,,
2021-09-23,,,,,,,,,,,,,,,,,
2021-09-24,,,,,,,,,,,,,,,,,
2021-09-25,,,,,,,,,,,,,,,,,
2021-09-26,,,,,,,,,,,,,,,,,
2021-09-27,,,,,,,,,,,,,,,,,
2021-09-28,,,,,,,,,,,,,,,,,
2021-09-29,,,,,,,,,,,,,,,,,
2021-09-30,,,,,,,,,,,,,,,,,
2021-10-01,,베트남 푸꾸옥 백신여권 프로그램 시범운영,,,,,,"이태리, 韓백신 접종증명서 EU그린패스와 동일 효력 인정",,,,,,,,,
2021-10-02,,,,,,,,,,,,,,,,,
2021-10-03,,,,,,,,,,,,,,,,,
2021-10-04,,,,,,,,,,,,,,,,,
2021-10-05,,,,,,,,,,,,,글로벌 공급망 대란,,,,
2021-10-06,,,,,,,,,,,,,,,,,
2021-10-07,,,,,,,,,,,,,,"여기어때, 온라인투어 500억 투자",,,
2021-10-08,,,,,,,,,,,,,,,,,
2021-10-09,,,,,,,,,,,,,,,,,
2021-10-10,,,,,,,,,,,,,,,,,
2021-10-11,,,,,,,,,,,,,,,,,
2021-10-12,,,,,,,,,,,,,,,,,
2021-10-13,,,,,,,,,,,,,,,,,
2021-10-14,,,,,,,,,,,,,,야놀자 인터파크 인수,,,
2021-10-15,,,,,,,,,,,,,,,,,
2021-10-16,,,,,,,,,,,,,,,,,
2021-10-17,,,,,,,,,,,,,,,,,
2021-10-18,,,,,,,,,,,,,,,,,
2021-10-19,,,,,,,,,,,,,,,,,
2021-10-20,,,,,,,,,,,,,,,,,
2021-10-21,,,,,,,,,,,,,"누리호 발사 성공, 세계 7번째",,,,
2021-10-22,,,,,,,,,,,,,,,,,
2021-10-23,,,,,,,,,,,,,,,,,
2021-10-24,,,,,,,,,,,,,,,,,
2021-10-25,,,,,,,,,,,,,KT 전국적 통신장애,,,,
2021-10-26,,,,,,,,,,,,,노태우 전 대통령 별세,,,,
2021-10-27,,,,,,,,,,,,,,,,,
2021-10-28,,,,,,,,,,,,,,,,,
2021-10-29,,,,,,,,,,,,,,,,,
2021-10-30,,,,,,,,,,,,,,,,,
2021-10-31,,,,,,,,,,,,,COP26 개막,,,,
2021-11-01,,"태국, 한국 등 46개국 접종자 '무격리' 입국 허용",,,,,,,,,,,위드코로나 시행,,,,
2021-11-02,,,,,,,,,,,,,,,,,
2021-11-03,,,,,,,,,,,,,,,,,
2021-11-04,,,,,,,,,,,,,,,,,
2021-11-05,,,,,,,,,,,,,,OZ 18년만에 국내선 비즈니스 운영 재개,,,
2021-11-06,,,,,,,,,,,,,,,,,
2021-11-07,,,,,,,,,,,,,요소수 품귀 사태,,,,
2021-11-08,,,,,,,,,,,,,,여행가는달 이벤트 오픈,,,
2021-11-09,,,,,,,,"이스라엘, 부스터 샷 없이도 한국인 단체여행 입국 허용",,,,,,숙박대전 오픈,,,
2021-11-10,,,,,,,,,,,,,,여기어때 렌터카 실시간 비교 서비스 오픈,,,
2021-11-11,,,,,,,,,,,,,,,,,
2021-11-12,,,,,,,,,,,,,,,,,
2021-11-13,,,,,,,,,,,,,,,,,
2021-11-14,,,,,,,,,,,,,,,,,
2021-11-15,,"한-싱가포르 트래블버블 시행 / 인도, 외국인 관광비자 발급 재개",,,,,,,,,,,,,,,
2021-11-16,,,,,,,,,,,,,,,,,
2021-11-17,,,,,,,,,,,,,,,,,
2021-11-18,,,,,,,,,,,,,,,,,
2021-11-19,,,,,,,,,,,,,,,,,
2021-11-20,,"베트남, 외국인 관광 재개 3단계 계획 시범 운영 시작",,,,,,,,,,,,,,,
2021-11-21,,,,,,,,,,,,,,,,,
2021-11-22,,,,,,,,,,,,,,추락사고 보잉 737 맥스…2년8개월 만에 운항 재개,,,
2021-11-23,,,,,,,,,,,,,전두환 전 대통령 사망,,,,
2021-11-24,,,,,,,,,,,,,,,,,
2021-11-25,,,,,,,,,,,,,,,,,
2021-11-26,,,,,,,,,,,,,,,,,
2021-11-27,,,,,,,,,,,,,,,,,
2021-11-28,,,,,,,,,,,,,오미크론 변이’ 비상…코로나 사태 후 8개국 첫 입국금지,,,,
2021-11-29,,,,,,,,,,,,,확진자 재택치료 의무화,야놀자 디즈니+ 제휴,,,
2021-11-30,,,,,,,,,,,,,,,,,
2021-12-01,,,,,,"호주, 21개월만에 국경 오픈 / 사이판, 의무 격리 5일 해제",,,,,,,국내 첫 오미크론 확진,,,,
2021-12-02,,,,,,,,,,,,,,,,,
2021-12-03,,,,,,,,,,,,,모든 해외입국자는 10일간 격리,,,,
2021-12-04,,,,,,,,,,,,,,,,,
2021-12-05,,,,,,,,,,,,,,,,,
2021-12-06,인도네시아 스메루 화산 폭발 사망·실종자 23명,,,,,,,,,,,,,,,,
2021-12-07,,,,,,,,,,,,,,,,,
2021-12-08,,,,,,,,,,,,,"코로나 역대 최대 확진자 첫 7,000명대",,,,
2021-12-09,,,,,,,,,,,,,,,,,
2021-12-10,,,,,,,,,,,,,,,,,
2021-12-11,,,,,,,,,,,,,,,,,
2021-12-12,,,,,,,,,,,,,,,,,
2021-12-13,,,,,,,,,,,,,,,,,
2021-12-14,,,,,,,,,,,,,"해외 입국자 의무 격리, 내년 1월6일까지 연장",,,,
2021-12-15,,,,,,,,,,,,,,,,,
2021-12-16,,,,,,,,,,,,,,,,,
2021-12-17,,,,,,,,,,,,,,,,,
2021-12-18,,,,,,,,,,,,,,,,,
2021-12-19,,,,,,,,,,,,,,,,,
2021-12-20,,,,,,,,,,,,,,,,,
2021-12-21,,,,,,,,,,,,,,,,,
2021-12-22,,,"美, 먹는 알약으로 코로나 치료 시작",,,,,,,,,,,,,,
2021-12-23,,,,,,,,,,,,,,,,,
2021-12-24,,,,,,,,,,,,,,,,,
2021-12-25,,,,,,,,,,,,,,,,,
2021-12-26,,,,,,,,,,,,,,,,,
2021-12-27,,,,,,,,,,,,,,,,,
2021-12-28,,,,,,,,,,,,,,,,,
2021-12-29,,,,,,,,,,,,,,,,,
2021-12-30,,,,,,,,,,,,,"해외 입국자 의무 격리, 2월3일까지 연장",,,,
2021-12-31,,,,,,,,,,,,,,,,,
2022-01-01,,,,,,,,,,,,,,,RCEP(역내포괄적경제동반자협정) 발효,,
2022-01-02,,,,,,,,,,,,,,,,,
2022-01-03,,,,,,,,,,,,,,,,,
2022-01-04,,,,,,,,,,,,,학원·독서실 일부 방역패스 중단,,,,
2022-01-05,,,,,,,,,,,,,,,,,
2022-01-06,,,,,,,,,,,,,,,,,
2022-01-07,,,,,,,,,,,,,,,,,
2022-01-08,,,,,,,,,,,,,,,,,
2022-01-09,,,,,,,,,,,,,,,,,
2022-01-10,,,,,,,,,,,,,,,,,
2022-01-11,,,,,,,,,,,,,광주 현대아이파크 공사현장 붕괴,,,,
2022-01-12,,,,,,,,,,,,,,,,,
2022-01-13,,,,,,,,,,,,,,,,,
2022-01-14,,,,,,,,,,,,,,,,,
2022-01-15,,,,,,,,,,,,,,,,,
2022-01-16,,,,,,,,,,,,,,,,,
2022-01-17,,,,,,,,,,,,,,,,,
2022-01-18,,,,,,,,,,,,,,,,,
2022-01-19,,,,,,,,,,,,,,,,,
2022-01-20,,,,,,,,,,,,,,,,,
2022-01-21,,,,,,,,,,,,,,,,,
2022-01-22,,,,,,,,,,,,,,,,,
2022-01-23,,,,,,,,,,,,,,,,,
2022-01-24,,,,,,,,,,,,,,,,,
2022-01-25,,,,,,,,,,,,,,,,,
2022-01-26,,,,,,,,,,,,,,,,,
2022-01-27,,,,,,,,,,,,,,,,,
2022-01-28,,,,,,,,,,,,,,,,,
2022-01-29,,,,,,,,,,,,,,,,,
2022-01-30,,,,,,,,,,,,,,,,,
2022-01-31,,,,,,,,,,,,,,,,,
2022-02-01,,,,,,,,,,,,,,,,,
2022-02-02,,,,,,,,,,,,,,,,,
2022-02-03,,,,,,,,,,,,,,,,,
2022-02-04,,,,,,,,,,,베이징 동계올림픽 개막,,,,,,
2022-02-05,,,,,,,,,,,,,,,,,
2022-02-06,,,,,,,,,,,,,,,,,
2022-02-07,,,,,,,,,,,,,,,,,
2022-02-08,,,,,,,,,,,,,,,,,
2022-02-09,,,,,,,,,,,,,,,,,
2022-02-10,,,,,,,,,,,,,,,,,
2022-02-11,,,,,,,,,,,,,,,,,
2022-02-12,,,,,,,,,,,,,,,,,
2022-02-13,,,,,,,,,,,,,,,,,
2022-02-14,,,,,,,,,,,,,,,,,
2022-02-15,,,,,,,,,,,,,,,,,
2022-02-16,,,,,,,,,,,,,,,,,
2022-02-17,,,,,,,,,,,,,,,,,
2022-02-18,,,,,,,,,,,,,,,,,
2022-02-19,,,,,,,,,,,,,,,,,
2022-02-20,,,,,,,,,,,,,,,,,
2022-02-21,,,,,,,,,,,,,,,,,
2022-02-22,,,,,,,,,,,,,,,,,
2022-02-23,,,,,,,,,,,,,,,,,
2022-02-24,,,,,,,"러시아, 우크라이나 침공",,,,,,,,,,
2022-02-25,,,,,,,,,,,,,,,,,
2022-02-26,,,,,,,,,,,,,,,,,
2022-02-27,,,,,,,,,,,,,,,,,
2022-02-28,,,,,,,,,,,,,,,,,
2022-03-01,,,,,,,,,,,,,방역패스 중단,,,,
2022-03-02,,,,,,,,,,,,,,,,,
2022-03-03,,,,,,,,,,,,,,,,,
2022-03-04,,,,,,,,,,,,,"울진, 강원도 일대 산불",,,,
2022-03-05,,,,,,,,,,,,,,,,,
2022-03-06,,,,,,,,,,,,,,,,,
2022-03-07,,,,,,,,,,,,,,,,,
2022-03-08,,,,,,,,,,,,,,,,,
2022-03-09,,,,,,,,,,,,,윤석열 대통령 당선,,,,
2022-03-10,,,,,,,,,,,,,,,,,
2022-03-11,,,,,,,,,,,,,,,,,
2022-03-12,,,,,,,,,,,,,,,,,
2022-03-13,,,,,,,,,,,,,,,,,
2022-03-14,,,,,,,,,,,,,,,,,
2022-03-15,,,,,,,,,,,,,,,,,
2022-03-16,,,,,,,,,,,,,,,,,
2022-03-17,,,,,,,,,,,,,,,,,
2022-03-18,,,,,,,,,,,,,,,,,
2022-03-19,,,,,,,,,,,,,,,,,
2022-03-20,,,,,,,,,,,,,,,,,
2022-03-21,,,,,,,,,,,,,,"접종완료 해외입국자 자가격리 면제(우크라이나,미얀마,베트남 제외)",,,
2022-03-22,,,,,,,,,,,,,,,,,
2022-03-23,,,,,,,,,,,,,,,,,
2022-03-24,,,,,,,,,,,,,"북한, ICBM 발사",,,,
2022-03-25,,,,,,,,,,,,,,,,,
2022-03-26,,,,,,,,,,,,,,,,,
2022-03-27,,,,,,,,,,,,,,,,,
2022-03-28,,,,,,,,,,,,,,,,,
2022-03-29,,,,,,,,,,,,,,,,,
2022-03-30,,,,,,,,,,,,,,,,,
2022-03-31,,,,,,,,,,,,,,,,,
2022-04-01,스리랑카 반정부 시위 격화,,,,,,,,,,,,,모든 접종 완료 입국자 격리 면제,,,
2022-04-02,,,,,,,,,,,,,,,,,
2022-04-03,,,,,,,,,,,,,,,,,
2022-04-04,,,,,,,,,,,,,,,,,
2022-04-05,,,,,,,,,,,,,,,,,
2022-04-06,,,,,,,,,,,,,,,,,
2022-04-07,,,,,,,,,,,,,,,,,
2022-04-08,,,,,,,,,,,,,,,,,
2022-04-09,,,,,,,,,,,,,,,,,
2022-04-10,,,,,,,,,,,,,,,,,
2022-04-11,,,,,,,,,,,,,,,,,
2022-04-12,,,,,,,,,,,,,,,,,
2022-04-13,,,,,,,,,,,,,,"여기어때, 250억 투자유치, 기업가치 1조원","하나투어, 한국관광공사와 국내관광 활성화 위한 업무협약",,
2022-04-14,,,,,,,,,,,,,,"정부, 2년 만에 특별여행주의보 해제",,,
2022-04-15,,,,,,,,,,,,,,,,,
2022-04-16,,,,,,,,,,,,,,,,,
2022-04-17,,,,,,,,,,,,,,,,,
2022-04-18,,,,,,,,,,,,,사회적 거리두기 해제,,,,
2022-04-19,,,,美국무부 한국여행 경보 여행금지→일반적 주의로 3단계 하향,,,,,,,,,,,,21억 규모 전환청구권 행사,
2022-04-20,,,,,,,,,,,,,,,,,
2022-04-21,,,,,,,,,,,,,,호찌민행 KE 항공기 엔진결함으로 회항,,,
2022-04-22,,,,,,,,,,,,,,,,,
2022-04-23,,,,,,,,,,,,,,,,,
2022-04-24,,,,,,,,,,,,,,,,,
2022-04-25,,,,,,,,,,,,,,,,,
2022-04-26,,,,,,,,,,,,,,"호텔스컴바인 모델, 조나단",,,
2022-04-27,,,,,,,,,,,,,,"여기어때, 실시간 항공권 예약서비스 오픈. 발권수수료 0원",,,
2022-04-28,,,,,,,,,,,,,,"여기어때, 500억 투자유치",,,
2022-04-29,,,,,,,,,,,,,,,,터키 전세기 첫 출발,
2022-04-30,,,,,,,,,,,,,,,,,
2022-05-01,,,,,,뉴질랜드 비자면제 협정국 대상 국경 개방(자가격리 면제),,,,,,,,,,,
2022-05-02,,,,,,,,,,,,,실외 마스크 해제,"참좋은여행, 4월 예약자 코로나 이전 2019년 대비 33.2% 회복",,법인영업팀 소속변경(상품영업본부→온라인사업본부),
2022-05-03,,태국 입국 당일 PCR검사 폐지,,,,,,,,,,,,,,,
2022-05-04,,,,,,,,,,,,,,"하나투어, 4월 허니문 예약 코로나 이전 2019년 4월 대비 70% 수준 회복",,신한은행 콜라보 프로모션 시행,
2022-05-05,,,,,,,,,,,,,,,,,
2022-05-06,,,,,,,,,,,,,,,,,
2022-05-07,,,,,,,,,,,,,,,,,
2022-05-08,,,,,,,,,,,,,,,,,
2022-05-09,,,,,,,,,,,,,,"야놀자, 제주지사 설립","KATA, 여행객 전용 코로나 검사센터 오픈",,
2022-05-10,,,,,,,,,,6월 입국 완화 검토,,,윤석열 대통령 취임식,,,,
2022-05-11,,,,,,,,,,,,,,"하나투어, CU 콜라보 상품 출시",,쓱라이브 롯데호텔 괌 패키지 론칭,
2022-05-12,,,,,,,,,,,,,,"현대드림투어, 레일유럽 한국GSA 오픈",,,
2022-05-13,,,,,,,,,,,,,,"교원투어, KRT교원에서 사명 변경",,,
2022-05-14,,,,,,,,,,,,,,,,,
2022-05-15,,,,,,,,,,,,,,,,,
2022-05-16,,,,,,,,,,,,,,,,,
2022-05-17,,,,,,,,,,백신3차 접종자 격리 면제,,,,,,,
2022-05-18,,,,,,,,,,,,,,,,,
2022-05-19,,,,,,,,,,,,,,,,,
2022-05-20,,,,,,,,,,,,,,,,,
2022-05-21,,,,,,,,,,,,,"윤-바이든, 한미정상회담",,,,
2022-05-22,,,,,,,,,,,,,,,,,
2022-05-23,,,,,,,,,,,,,,,"전염병 원둥이두창 유럽,미국 확산",,
2022-05-24,,,,,,,,,,,,,,,,,
2022-05-25,,,"미 텍사스, 초등학교 총격",,,,,,,,,,,,,,
2022-05-26,,,,,,,,,,,,,,,,,
2022-05-27,,,,,,,,,,,,,"원숭이두창, 확진자 7일 격리",,,,
2022-05-28,,,,,,,,,,,,,,,,,
2022-05-29,,,,,,,,,,,,,,,,,
2022-05-30,,,,,,,,,,,,,,,,CCO(최고고객책임자) 오경현 상무 임명,
2022-05-31,,,,,,,,,,,,,,,,,
2022-06-01,,,,,,,,,,,,,전국 동시 지방선거,외국인 제주 무비자 입국 허용,,,
2022-06-02,,,,,,,,,,,,,,,,부산지사 재오픈,
2022-06-03,,,,,,,,,,,,,,,,,
2022-06-04,,,,,,,,,,,,,,,,,
2022-06-05,,,,,,,,,,,,,,,,,
2022-06-06,,,,,,,,,,,,,,,,,
2022-06-07,,,,,,,,,,,,,,,,,
2022-06-08,,,,,,,,,,,,,,,,,
2022-06-09,"태국, 대마 가정 재배 합법 발효",,,,,,,,,,,,,,,,
2022-06-10,,,,,,,,,,패키지 관광객 입국 재개,,,,,,,
2022-06-11,,,,,,,,,,,,,,,,,
2022-06-12,,,"미국, 음성확인서 폐지",,,"호주, 변경된 입국자 가이드라인 발표",,,,,,,,,,,
2022-06-13,,,,,,,,,,,,,,,,,
2022-06-14,,,,,,,,,,,,,,,,,
2022-06-15,,,,,,,,,,,,,,,,,
2022-06-16,,,,,,"괌, 9월까지 신속항원검사 병행 제공",,,,,,,,"하나투어, 공식인증예약센터와 현장 영업 강화",,,
2022-06-17,,,,,,,,,,,,,,"하나투어, 여행업계 최초 ESG위원회 발족",,,
2022-06-18,,,,,,,"이집트, 입국 규제 폐지",,,,,,,,,,
2022-06-19,,,,,,,,,,,,,,,,,
2022-06-20,,,,,,,,,,,,,,,,,
2022-06-21,"베트남, 호치민 뎅기열 기승",,,,,,,,,,,,누리호 2차 발사 성공,,,,
2022-06-22,,,,,,,,,,,,,"원숭이두창, 국내 첫 의심환자 발견",,,,
2022-06-23,,,,,,,,,,,,,,,,,
2022-06-24,,,,,,,,,,,,,,,,,
2022-06-25,,,,,,,,,,,,,,,,,
2022-06-26,,,"미국, 낙태권 폐기",,,,,,,,,,,,,,
2022-06-27,,,"미국, 총기규제 법안 통과",,,,,"22년5월, 유럽여행정보인증제도 도입",,,,,,,,,
2022-06-28,,,,,,,,,,,,,,,,,
2022-06-29,,,,,,,,,,,,,"윤 대통령, 나토 정상회의 참석",,,,
2022-06-30,,,,"캐나다, 입국시 백신증명서 의무화(~9월)",,,,,,,,,,"공정위, IATA에 수수료 약관 시정명령",,"조직개편(FIT공급시스템기획팀,항공기획팀 → 항공/호텔/액티비티기획팀 ,일본2팀 신설)",
2022-07-01,,"태국, 타일랜드 패스 폐지",,,,,,,,,,,,,,,
2022-07-02,,,,,,,,,,,,,,,,,
2022-07-03,,,,,,,,,,,,,,,,,
2022-07-04,,,,"미 주요항공사, X젠더 표기 도입",,,,"이탈리아, 알프스 빙하 붕괴 사고",,,,,,"하나투어, 동물학대 관련 관광 프로그램 폐지",,마이 허니문 기획전,
2022-07-05,,,미 독립기념일 총기난사,,,,"스웨덴 핀란드, 나토 가입",,,,,,,,,,
2022-07-06,"인도네시아, 부스터샷 의무화 추진",,,"스킨디나비아항공, 파산보호 신청",,,"유로가치 급락, 20년만 최저",,,,,,,,국제유가 8~10% 급락,,
2022-07-07,,,,,,,영국 존슨 총리 사임,,,,,,,,,,
2022-07-08,,,,,,,"유럽, 코로나 재확산",,"아베 전 총리, 총격 사망",,,,,,,,
2022-07-09,,,,,,,,,,,,,,,,,
2022-07-10,,,,,,,,,,,,,,,,,
2022-07-11,,,,,,,,,참의원 선거에서 집권당 압승,,,,"한미일,북핵대표 회동",,,"터키발 KE 비상착륙, 자사 승객 51명 탑승",
2022-07-12,,,"미국, 시리아서 IS 지도자 제거",,,,"러, 국적 취소 간소화 확대",,,내국인 여행지원 보류,,,,,,,
2022-07-13,,,,,,,"크로아티아, 유로존 가입",,,,,,"한은, 기준금리 0.50%p 인상",,전세계 코로나 재유행 추세,,
2022-07-14,"필리핀, 기준금리 0.75%p 긴급 인상",,"미국, 물가 인상률 9% 돌파",,,,유로-달러 20년만 1:1 환율,"영국 히드로 공항, 휴가철 일일 공항 이용객 10만명 제한",,,,,,,,,
2022-07-15,,,,,,"호주, 입국규제 전면 해제",,"스페인, 일부 대중교통 무료 선언",,,,,,,,,
2022-07-16,,,,,,,,,,,,,,,,,
2022-07-17,,,,,,,,,,,,,,,,,
2022-07-18,,,,,,,"유럽 남부지역, 폭염 및 산불 비상",,한일 외교장관 회담,,,마카오 도시 봉쇄 연장,,,,,
2022-07-19,,,,,,,"영국,프랑스 역사상 최고 폭염",,,,,,,"쿠팡, 호텔 100% 환불 서비스 실시",,,
2022-07-20,,,"바이든, 기후위기 대응책 발표",,,,,,,,항저우 아시안게임 연기,,,,,"오사카,큐슈 단독 전세기 상품 출시",
2022-07-21,,,,,,,,,,,,,,여행자 면세한도 상향,,,
2022-07-22,,,,,,,,,,,,,,,,,
2022-07-23,,,,,,,,,,,,,,,,,
2022-07-24,,,,,,,,"이탈리아,베네치아 사전 방문 예약제 도입",,,,,,,,,
2022-07-25,,,,,,,,,,,,,,,,제주 다구간 결합 상품 출시,
2022-07-26,,,,,,,,,,,,,,,,,
2022-07-27,,,,,"호주, 11년 만 최대 소비자물가 6.1% 상승",,"러, 천연가스 공급 20% 감축",,,,사드 3불 이행 요구,,,,,,
2022-07-28,,,"미, 두달 연속 기준금리 0.75%p 인상",,,,,,,,,,,,,이서진 재계약 및 본사 방문 이벤트,
2022-07-29,,,,,,,,,,,,,,,,,
2022-07-30,,,,,,,,,,,,,,,,,
2022-07-31,,,,,,,,,,,,,,,,,
2022-08-01,,,,,,,,,,,,,,,,전직원 임금 인상 및 신규 보상제도 도입,
2022-08-02,,,,,,,,,,,,,,,,,
2022-08-03,,,,,,,,,,,,,,,,제작지원 SBS '연애는 직진' 방영,
2022-08-04,,,,,,,,,,,,,,,"국제유가, 6개월 만 최저",,
2022-08-05,,,,,,,,,,,,,,,,,
2022-08-06,,,,,,,,,,,,,,,,,
2022-08-07,,,,,,,,,,,,,,,,,
2022-08-08,,,,,,,,,,,,하이난 봉쇄,,,,,
2022-08-09,,,,,,,,,,,,,,,,,
2022-08-10,,,,,,,,,,,,,,,,"아이디병원, 업무제휴협약 체결",
2022-08-11,,,,,,,,,,,,,,,,,
2022-08-12,,,,,,,,,,,,홍콩 자가격리 3일로 변경,,,,,
2022-08-13,,,,,,,,,,,,,,,,,
2022-08-14,,,,,,,,,,,,,,,,,
2022-08-15,,,,,,,,,,,,,,,,,
2022-08-16,,,,,,,,,,,,,,,,,
2022-08-17,,,,,,,,,,,,,,티몬투어 오리지널 론칭,,,
2022-08-18,,,,,,,,,,,,,,,,,
2022-08-19,,,,,,,,,,,,,,,,,
2022-08-20,,,,,,,,,,,,,,,,,
2022-08-21,,,,,,,,,,,,,,,,,
2022-08-22,,,,,,,,,,,,,,,,,
2022-08-23,,,,,,,,,,,,,,,,,
2022-08-24,"싱가폴, 실내 마스크 착용 의무화 폐지",,,,,,,,,,,,,,,,
2022-08-25,,,,,,,,,,,,,,,,,
2022-08-26,"인도, 밀수출 중단",,,,,,,,,입국자수 2만→5만 상향 결정,,,,,,,
2022-08-27,,,,,,,,,,,,,,,,,
2022-08-28,,,,,,,,,,,,,,,,,
2022-08-29,,,,,,,,,,,,,,,,,
2022-08-30,,,,,,,,,,,,,,,,,
2022-08-31,,,,,,,,,,가이드 없는 패키지 입국 허용,,,,,,소규모 패키지 상품 판매 (2~4인 출발),
2022-09-01,,,,,,,,,,,,,,"입국 전 코로나 검사 의무 폐지, 입국 후 1일 내 pcr검사 유지",,,
2022-09-02,,,,,,,,,,,,,,,,창립 21주년,
2022-09-03,,,,,,,,,,,,,,,,,
2022-09-04,,,,,,,,,,,,,,,,,
2022-09-05,,,,,,,"영, 새총리 리즈 트러스 취임",,,,,,,해외여행자 면세한도 800달러로 상향,,,
2022-09-06,,,,,,,,,,,,,태풍 힌남노 피해 발생,,,취약계층 아동 위한 봉사활동 진행,
2022-09-07,,,,,,,,,,,,,,,,,
2022-09-08,,,,,,,,,,,,,,,,,
2022-09-09,,,,,,,,,,,,,,,,,
2022-09-10,,,,,,,,,,,,,,,,,
2022-09-11,,,,,,,,,,,,,,,,,
2022-09-12,,,,,,,,,,,,,,,,,
2022-09-13,,,"미, 8월 소비자물가 8.3% 상승",,,,,,,,,,오징어 게임 에미상 6관왕 쾌거,,,,
2022-09-14,,,,,,,,,,,,,,,,,
2022-09-15,,,,,,,,,,,,,,23년 입국장 인도장 운영,,,
2022-09-16,,,"이란, 반정부 시위 발발(마흐사 아미니 사망)",,,,,,,,,,,"야놀자, 인터파크 쇼핑 매각, 골프/F&B 강화",,,
2022-09-17,,,,,,,,,,,,,,,,,
2022-09-18,,,,,,,,,,,,,,,,,
2022-09-19,,,,,,,,,,,,,,,,,
2022-09-20,,,미 국채금리 11년 만에 첫 3.5% 돌파,,,,"러, 우크라 점령지 영토합병 주민투표 강행",,,,,,,,,,
2022-09-21,,,,,,,,,,,,,,,,놀이의발견 키즈플랫폼 입점,
2022-09-22,,,,,,,,,,10/11부터 무비자 개인관광 허용(3차 접종or 72시간 내 음성 필요),,,,,,,
2022-09-23,,,,,,,,,,,,"대만, 무비자 입국 재개 (9/29~)",,,,업계 최초 '제주+타지역' 다구간 상품 개발,
2022-09-24,,,,,,,"영, 감세정책·파운드 급락",,,,,,,,,,
2022-09-25,,,,,,,,,,,,,,,,,
2022-09-26,,,,,,,"영, 파운드 가치 역대 최저",,,,,"홍콩, 해외 입국자 격리 폐지",,,"아시아 금융위기 우려, 엔·위안화 급락",,
2022-09-27,,,,,,,러-독 해저가스관 누출사고,,,,,,,,,,
2022-09-28,,,"캐나다, 백신 접종 규제 폐지",,,,"독, 원전가동 연장","이집트, 상반기 관광객 490명 돌파",,,,,,"롯데면세점, 7C 기내면세점 위탁 운영",,,
2022-09-29,,,,,,,,,,,,,"SK바사 백신 접종시 미,일 여행 불가","KE 스카이팀, 영국 버진애틀랜틱과 항공동맹",,,
2022-09-30,,,,,,,,,,,,,,,,,
2022-10-01,,,,,,,"영, 감세정책 철회",,,,,,입국 후 PCR 검사 폐지,,,,
2022-10-02,"인도네시아, 축구장 압사 참사",,,,,,"러, 우크라 점령지 합병 조약 합헌 결정",,,,,,,,,,
2022-10-03,,,,,,,,,,,,,,,,,
2022-10-04,,,,,,,,,,,,,,,,,
2022-10-05,,,,,,,,,,,,,,"토파스, 여행플랫폼 트립코디 개발 예정",,,
2022-10-06,,"베트남, 다낭호텔 감전사고로 한국인 관광객 사망",,,,,,,,,,,,"네이버, 출장여행시장 진출",,,
2022-10-07,"태국, 어린이집 총기 난사",,,,,,,,,,,,,,,매일유업 포인트 프로모션,
2022-10-08,,,,,,,,,,,,,,,,,
2022-10-09,,,,,,,,,,,,,,,,,
2022-10-10,,,,,,,,,,무비자 이후 예약 급증 추세,,,,,,,
2022-10-11,,,,,,,,,,,,,,,,,
2022-10-12,,,,,,,,,,,,"대만, 코로나 이후 첫 단체 출국",,,,,
2022-10-13,,,"미, 9월 소비자물가 8.2% 상승",,,,,,엔저 32년만 최고 수준,,,,,"인터파크, 해외항공권 최저가 보상제 실시",,,
2022-10-14,,,,,,,,,,,,,,,,,
2022-10-15,,,,,,,,,,,,,SK C&C 판교데이터센터 화재로 '카카오 먹통' 사태,,,,
2022-10-16,,,,,,,,,,,,,,,,,
2022-10-17,,,,,,,,,,,,,,,,,
2022-10-18,,,,,,,,,,,,,,,,,
2022-10-19,,,,,,,,,,,,,,,,,
2022-10-20,,,,,,,,,,,,,,,,"시티버스, SKT멤버십 제휴 행사",
2022-10-21,,,,,,,"영, 인도계 수낵 총리 취임",,,,,,,,,,
2022-10-22,,,,,,,,,,,시진핑 주석 3연임,,,,,,
2022-10-23,,,,,,,,,,,,,,"KE, 세부공항 활주로 이탈 사고",,,
2022-10-24,"태국, 대마 성분 식품 규제 강화",,,,,,,,외환시장 48조원 투입,,,,,"하나투어, 경남은행 제휴",,,
2022-10-25,,"인도네시아, 여객선 화제",,,,,,,,,,,,"에어프레미아, 나리타 취항",,한화손해보험 MOU 체결,
2022-10-26,,,,,,,,,,,,,,"플라이강원, 양양-나리타 취항",,사회공헌 프로그램 '같이가요 서울여행' 진행,
2022-10-27,,,,,,,,,,,,,,,,,
2022-10-28,,,,,,,,,,,,,,,,F/W 허니문 박람회 개최,
2022-10-29,,,,,,,,,,,,,핼러윈 이태원 참사,,,,
2022-10-30,,,,,,,,,,,,,충국 괴산군 규모 4.1 지진 발생,,,,
2022-10-31,"인도, 다리붕괴 참사",,,,,,,,,,,,,"모두투어, 모두스테이 울산점 영업정지",,다국어 문진 번역 서비스 도입,
2022-11-01,,,,,,,,,,,,,,"코레일, 철도 항공 연계 서비스 시범운영",,,
2022-11-02,,,,,,,,,,,,,"북, 미사일 10여발 발사 도발",,,,
2022-11-03,,,,,,,,,,,,,,"KE, A330 여객기 6대 퇴역",,,
2022-11-04,,,,,,,,,,,,,,,,,
2022-11-05,,,,,,,,,,,,,,,,,
2022-11-06,,,,,,,,,,,,,,,,,
2022-11-07,,,,,,,,탄자니아 여객기 추락,,,,,,,,한국인터넷진흥원 주관 사이버 위기대응 모의훈련 참가,
2022-11-08,,,,,,,,,,,,,,"여기어때, 11/30까지 해외여행 최저가 보상",,윤리경영 제도 개선 강화,
2022-11-09,,,,,,,,,,,,,,,,,
2022-11-10,,,,,,,,,,,,,,,,,
2022-11-11,,,,,,,,,,,,,"미, 한국 포함 7개국 환율관찰대상국으로 지정",,,,
2022-11-12,,,,,,,이스탄불 폭탄테러로 사상자 발생,,,,,,,,,,
2022-11-13,,,"바이든,시진핑 첫 대면회담",,,,,,,,,,,,,,
2022-11-14,,,,,,,,,,,,,,,,,
2022-11-15,,,,,,,,,,,,,한중 정상회담,,,,
2022-11-16,,,,,,,,,,,,,,,,,
2022-11-17,,,,,,,,,,,,,대학수학능력시험,,,,
2022-11-18,,,,,,,,,,,,,,"하나투어, 하나카드와 공동 마케팅 업무 협약",,,
2022-11-19,,,,,,,,,,,,,,"교원투어, 신규 예능 '여행설계자들' 참여",,,
2022-11-20,,,,,,,,,,,,,,,카타르 월드컵 개막,,
2022-11-21,,,,,,,,,,,,,,,,,
2022-11-22,인도네시아 서자바주 규모 5.6 지진으로 사상자 발생,,,,,,,,,,,,,,,대한민국 소셜미디어 대상 수상,
2022-11-23,,,,,,,,,,,,,,,,,
2022-11-24,,,,,,,튀르키예 5.9 강진 발생,,,,코로나 확산으로 베이징 봉쇄,,,"KE, 12월부터 코트룸 서비스 실시",,,
2022-11-25,,,,,,,,,,,,,화물연대 파업,"야놀자, 킹특가 프로모션 진행",,,
2022-11-26,,,,,,,,,,,,,,,,,
2022-11-27,,,,,,,,,,,,,,,,,
2022-11-28,,,,"하와이, 마우나 로아 화산 분출",,,,,,,,,,,,,
2022-11-29,,,,,,,,,,,,,,,,,
2022-11-30,,,,,,,,,,,,,,,,,
2022-12-01,,,,,,,,,,,,,,,,,
2022-12-02,,,,,,,,,,,,,,,,,
2022-12-03,,,,,,,,,,,,,,,,,
2022-12-04,"인도네시아, 스메루 화산 분화",,,,,,,,,,,,,,,,
2022-12-05,,,,,,,,,,,,,,,,라이딩 월드투어 상품 공동 개발,
2022-12-06,,,,,,,,,,,,,,,,,
2022-12-07,,,,,,,,,,,,,,,,,
2022-12-08,,,,,,,,,,,,,,,,,
2022-12-09,,,,,,,,,,,,,,,,,
2022-12-10,,,,,,,,,,,,,,,,,
2022-12-11,,,,,,,,,,,,,,,,,
2022-12-12,,,,,,,,,,,,,,,,CCM 6회연속 인증 취득,
2022-12-13,,,,,,,,,,,,,,,,,
2022-12-14,,,"미, 동성 간 결혼 인정",,,,,,,,"홍콩, 코로나정책 일부 완화",,,,,,
2022-12-15,,,,,,,,,,,,,,"아고다, 요금고정 서비스 운영",,,
2022-12-16,,,,,,,,,,,,,,,,,
2022-12-17,,,,,,,,,,,,,,,,,
2022-12-18,,,,,,,,,,,,,,,,,
2022-12-19,,,,,,,,,,,,,,,,"인트윈, 이브이패스와 MOU 체결",
2022-12-20,,,,,,,,,,,"중국, 코로나 감염자 폭증",,,,,,
2022-12-21,,,,,,,,,,,중국 입국자 격리 조치 폐지,,"중국입국자, 체온 37.3도 초과시 pcr검사 진행",,,,
2022-12-22,,,,,,,,,,,,,,,,,
2022-12-23,,,,,,,,,,,,,,"모두투어, 호텔사업 중지",,,
2022-12-24,,,,,,,,,,,,,,,,,
2022-12-25,,,,,,,,,,,,,,,,,
2022-12-26,,,,,,,,,,,,,,,,,
2022-12-27,,,"미, 뉴욕 폭설로 비상사태 선포",,,,,,,,중국 자국민 여권 발급 정상화 (1/8~),,,"하나투어, 사내기부 행사 플리마켓 진행",,,
2022-12-28,,,,,,,"러, 유가상한제 도입국에 석유 수출 금지",,,중국발 입국자 전원 코로나 검사,,"홍콩, PCR검사와 백신패스 폐지 등 사회적 거리 조치 해제",,,,,
2022-12-29,,,중국발 입국자에 코로나 음성확인서 필수(1/5~),,,,,,,"중·홍콩발 여객기 훗카이도,후쿠오카,오키나와행 긍지",,,,,,,
2022-12-30,,,,,,,,,,,,,,,,,
2022-12-31,,,,,,,,,,,,,,,,,
2023-01-01,필리핀 항공관제 시스템 장애로 전국 항공편 대거 결항·지연,,,,,,"크로아티아, 유로화 사용 시작",,,,,,중국인 단기비자 중단,,,,
2023-01-02,,,,,,,,,,,,,,,,,
2023-01-03,,,,,,,,,,,,,,,,,
2023-01-04,,,,,,,,,,,,,,,,,
2023-01-05,,,,,,,,,,,중국↔홍콩·마카오 왕래 재개,,"지방出 저가항공, 기내 면세품 판매 (3월~)","지마켓, 해외호텔 맞춤 검색 서비스 오픈",,,
2023-01-06,,,,,,,,,,,,,"홍콩,마카오발 입국자 음성확인서 제출 의무",,,,
2023-01-07,,,,,,,,,,,,,,,,,
2023-01-08,,,,,,,,,,,,,,,,,
2023-01-09,,,,,,,,,,,,,,,,,
2023-01-10,,,,,,,,,,,"중, 한국민 단기비자 전면 중단",,,,,,
2023-01-11,,,,,,,,,,,"중, 한국민 경유비자 면제 중단",,,,,,
2023-01-12,,,,,,,,,,,,,,,,,
2023-01-13,,,,,,,,,,,,,,"야놀자, 국내국소 최저가 보상제",,,
2023-01-14,,,,,,,,,,,,,,,,,
2023-01-15,,"네팔 여객기 추락, 한국인 2명 사망",,,,,,,,,,,,,,,
2023-01-16,,,,,,,,,,,,,,,,"위시빈, 앱 출시 이벤트 'WishBeen On' 개최",
2023-01-17,,,,,,,,,,,,,,,,이지닥 서비스 오픈,
2023-01-18,,,,,,,,,,,,,,,,,
2023-01-19,,,,,,,,,,,,,,,,,
2023-01-20,"미국, 음력설 LA 총기난사등 잇단 총기사고 발생",,,,,,,,,,"중, 자국민 해외 단체여행 허용-한미일 대상국 제외",,,"모두투어, 신한은행과 마케팅 제휴 체결",,,
2023-01-21,,,,,,,,,,,,,,,,,
2023-01-22,,,,,,,,,,,,,,,,,
2023-01-23,,,,,,,,,,,,,,,,,
2023-01-24,,,,,,,,,,,,,,,,,
2023-01-25,,,,,,,,,,,,,,"전국 6개 공항, 양방향 짐배송 서비스 도입 예정",,,
2023-01-26,,,,,,,,,,,,,,,,,
2023-01-27,,,,,,,,,,,,,,"제주항공, 서울역 도심공항터미널 수속 서비스 확대",,,
2023-01-28,,,,,,,,,,,,,,,,,
2023-01-29,,,,,"뉴질랜드, 폭우 피해로 비상사태 선포",,,,,,,,,,,,
2023-01-30,,,,,,,,,,,,,실내마스크 의무 해제(1/30~),,,,
2023-01-31,,,,,,,,,,,,,,,,,
2023-02-01,,,,,,,,,,,,,,,,,
2023-02-02,,,,,,,,,,,,,,,,,
2023-02-03,,,,,,,,,,,,,,투어2000 경영악화,,,
2023-02-04,,,,,,,,,,,,,,,,,
2023-02-05,,,,,,,,,,,,,,,,,
2023-02-06,,,,,,,튀르키예 7.8 강진,,,,"중국, 단체관광 재개(한미일 제외)",,,,,,
2023-02-07,,,,,,,,,,,,,,,,,
2023-02-08,,,,,,,,,,,,,,,,,
2023-02-09,,,,,,,,,,,,,,,,,
2023-02-10,,,,,,,,,,,,,,,,,
2023-02-11,,,,,,,,,,,,,,,,,
2023-02-12,,,,,,,,,,,,,,"토파스, 여행사 백오피스 시스템 업그레이드 론칭",,,
2023-02-13,,,,,,,,,,,,,중국인 단기비자 발급 재개,,,순우리여행 브랜드 론칭,
2023-02-14,,,,,,,,,,,,,,,,,
2023-02-15,,,,,,,,,,,,,,,,옐로팡딜 오픈,
2023-02-16,"태국, 관광객 입국비 징수(6월~)",,,,,,,,,,,,,,,,
2023-02-17,,,,,,,,,,,,,,,,,
2023-02-18,,,,,,,,,,,,,,,,,
2023-02-19,,,,,,,,,,,,,,,,,
2023-02-20,,,,,,,,,,,,,,"카톡, 호텔상품권 서비스 론칭",,,
2023-02-21,,,,,,,,,,,,,,,,,
2023-02-22,,,,,,,,,,,,,,"대한항공, 마일리지 개편안 전면 재검토",,,
2023-02-23,,,,,,,,,,,,,,,,,
2023-02-24,,,,,,,,,,,,,,,,,
2023-02-25,,,,,,,,,,,,,,,,,
2023-02-26,,,,,,,,,,,,,,,,,
2023-02-27,,,,,,,,,,,,,,,,,
2023-02-28,,,,,,,,,,,,,,,,,
2023-03-01,,,,,,,,,,,,,"중국발 입국자, PCR 의무 해제","야놀자, 재택근무 종료",,,
2023-03-02,,,,,,,,,,,,,,"인터파크, 국제선 항공권 최저가 보상제 연장 (~6월)",,,
2023-03-03,,,,,,,,,,,한국발 입국자 PCR 검사 폐지,,,"대한항공, NDC 도입 결정",,,
2023-03-04,,,,,,,,,,,,,,,,,
2023-03-05,,,,,,,,,,,,,,,,,
2023-03-06,,,,,,,,,,,,,,,,,
2023-03-07,,,,,,,,,,,,,,,,,
2023-03-08,,,,,,,,,,,,,,,,,
2023-03-09,,,,,,,,,,,,,,,,취약계층 PC 100대 기부,
2023-03-10,,,,,,,,,,,,,,"참좋은여행, 1호 일본 해외법인 설립",,,
2023-03-11,,,,,,,,,,,,,중국발 입국자 코로나 검사 의무 폐지,,,,
2023-03-12,,,,,,,,,,,,,,,,,
2023-03-13,,,,,,,,,,,,,,,,,
2023-03-14,,,,,,,,,,,,,,,,코스닥 관리종목 해제,
2023-03-15,,,,,,,,,,,,,,,,,
2023-03-16,,,,,,,,,,,,,,,,,
2023-03-17,,,,,,,,,,,,,,,,배틀트립 라오스/베트남 달랏 방영,
2023-03-18,,,,,,,,,,,,,,,,3월 정기 봉사훨동 -청운보육원 진행,
2023-03-19,,,,,,,,,,,,,,,,,
2023-03-20,,,,,,,,,,,,,,,,,
2023-03-21,,,,,,,,,,,,,,,,,
2023-03-22,,,,,,,,,,,,,,"하나투어, 해외법인 16곳 청산",,,
2023-03-23,,,,,,,,,,,,,,,,우리사주조합 정기총회 소집,
2023-03-24,,,,,,,,,,,,,,,,임직원 스톡옵션 제공,
2023-03-25,,,,,,,,,,,,,,,,,
2023-03-26,,,,,,,,,,,,,,,,,
2023-03-27,,,"미 남부, 토네이도 강타 비상사태 선포",,,,,,,,,,,,,,
2023-03-28,,,,,,,,,,,,,,야놀자- 인터파크 인수 승인,,,
2023-03-29,,,,,,,,,,,,,,,,,
2023-03-30,,,,,,,,,,,,,,,,,
2023-03-31,,,,,,,,,,,,,,,,,
2023-04-01,,,,,,,,,,,,,,,,,
2023-04-02,,,,,,,,,,,,,,,,,
2023-04-03,,,,,,,,,,,,,,,,,
2023-04-04,,,,,,,,,,,,,,,,,
2023-04-05,,,,,,,,,,,,,,,,,
2023-04-06,,,,,,,,,,,,,,,,,
2023-04-07,,,,,,,,,,,,,,,,,
2023-04-08,,,,,,,,,,,,,,,,,
2023-04-09,,,,,,,,,,,,,,,,,
2023-04-10,,,,,,,,,,,,,,,,,
2023-04-11,,,,,,,,,,,,,,,,,
2023-04-12,,,,,,,,,,,,,,,,,
2023-04-13,,,,,,,,,,,,,,,,,
2023-04-14,,,,,,,,,,,,,,,,,
2023-04-15,,,,,,,,,,,,,,,,,
2023-04-16,,,,,,,,,,,,,,,,,
2023-04-17,,,,,,,,,,,,,,,,,
2023-04-18,,,,,,,,,,,,,,,,,
2023-04-19,,,,,,,,,,,,,,,,,
2023-04-20,,,,,,,,,,,,,,,,,
2023-04-21,,,,,,,,,,,,,,,,,
2023-04-22,,,,,,,,,,,,,,,,제4회 '같이가요!서울여행' 진행,
2023-04-23,,,,,,,,,,,,,,,,,
2023-04-24,,,,,,,,,,,,,,,,,
2023-04-25,,,,,,,,,,,,,,,,,
2023-04-26,,,,,,,,,,,,,,,,,
2023-04-27,,,,,,,,,,,,,,,,,
2023-04-28,,,,,,,,,,,,,,,,,
2023-04-29,,,,,,,,,,,,,,,,,
2023-04-30,,,,,,,,,,,,,,,,,
2023-05-01,,,,,,,,,,,,,,,,,
2023-05-02,,,,,,,,,,,,,,,,,
2023-05-03,,,,,,,,,,,,,,,,,
2023-05-04,,,,,,,,,,,,,,,,,
2023-05-05,,,,,,,,,,,,,,,,,
2023-05-06,,,,,,,,,,,,,,,,,
2023-05-07,,,,,,,,,,,,,,,,,
2023-05-08,,,,,,,,,,,,,,,,,
2023-05-09,,,,,,,,,,,,,,,,,
2023-05-10,,,,,,,,,,,,,,,,,
2023-05-11,,,,,,,,,,,,,,,,,
2023-05-12,,,,,,,,,,,,,,,,,
2023-05-13,,,,,,,,,,,,,,,,,
2023-05-14,,,,,,,,,,,,,,,,,
2023-05-15,,,,,,,,,,,,,,,,,
2023-05-16,,,,,,,,,,,,,,,,,
2023-05-17,,,,,,,,,,,,,,,,,
2023-05-18,,,,,,,,,,,,,,,,,
2023-05-19,,,,,,,,,,,,,,,,,
2023-05-20,,,,,,,,,,,,,,,,,
2023-05-21,,,,,,,,,,,,,,,,,
2023-05-22,,,,,,,,,,,,,,,,,
2023-05-23,,,,,,,,,,,,,,,,,
2023-05-24,,,,,,,,,,,,,,,,,
2023-05-25,,,,,,,,,,,,,,,,,
2023-05-26,,,,,,,,,,,,,,,,,
2023-05-27,,,,,,,,,,,,,,,,,
2023-05-28,,,,,,,,,,,,,,,,,
2023-05-29,,,,,,,,,,,,,,,,,
2023-05-30,,,,,,,,,,,,,,,,,
2023-05-31,,,,,,,,,,,,,,,,,
2023-06-01,,,,,,,,,,,,,,,,,
2023-06-02,,,,,,,,,,,,,,,,,
2023-06-03,,,,,,,,,,,,,,,,,
2023-06-04,,,,,,,,,,,,,,,,,
2023-06-05,,,,,,,,,,,,,,,,,
2023-06-06,,,,,,,,,,,,,,,,,
2023-06-07,,,,,,,,,,,,,,,,,
2023-06-08,,,,,,,,,,,,,,,,,
2023-06-09,,,,,,,,,,,,,,,,,
2023-06-10,,,,,,,,,,,,,,,,,
2023-06-11,,,,,,,,,,,,,,,,,
2023-06-12,,,,,,,,,,,,,,,,,
2023-06-13,,,,,,,,,,,,,,,,,
2023-06-14,,,,,,,,,,,,,,,,,
2023-06-15,,,,,,,,,,,,,,,,,
2023-06-16,,,,,,,,,,,,,,,,,
2023-06-17,,,,,,,,,,,,,,,,,
2023-06-18,,,,,,,,,,,,,,,,,
2023-06-19,,,,,,,,,,,,,,,,,
2023-06-20,,,,,,,,,,,,,,,,,
2023-06-21,,,,,,,,,,,,,,,,,
2023-06-22,,,,,,,,,,,,,,,,,
2023-06-23,,,,,,,,,,,,,,,,,
2023-06-24,,,,,,,,,,,,,,,,,
2023-06-25,,,,,,,,,,,,,,,,,
2023-06-26,,,,,,,,,,,,,,,,,
2023-06-27,,,,,,,,,,,,,,,,,
2023-06-28,,,,,,,,,,,,,,,,,
2023-06-29,,,,,,,,,,,,,,,,,
2023-06-30,,,,,,,,,,,,,,,,,
2023-07-01,,,,,,,,,,,,,,,,,
2023-07-02,,,,,,,,,,,,,,,,,
2023-07-03,,,,,,,,,,,,,,,,,
2023-07-04,,,,,,,,,,,,,,,,,
2023-07-05,,,,,,,,,,,,,,,,,
2023-07-06,,,,,,,,,,,,,,,,,
2023-07-07,,,,,,,,,,,,,,,,,
2023-07-08,,,,,,,,,,,,,,,,,
2023-07-09,,,,,,,,,,,,,,,,,
2023-07-10,,,,,,,,,,,,,,,,,
2023-07-11,,,,,,,,,,,,,,,,,
2023-07-12,,,,,,,,,,,,,,,,,
2023-07-13,,,,,,,,,,,,,,,,,
2023-07-14,,,,,,,,,,,,,,,,,
2023-07-15,,,,,,,,,,,,,,,,,
2023-07-16,,,,,,,,,,,,,,,,,
2023-07-17,,,,,,,,,,,,,,,,,
2023-07-18,,,,,,,,,,,,,,,,,
2023-07-19,,,,,,,,,,,,,,,,,
2023-07-20,,,,,,,,,,,,,,,,,
2023-07-21,,,,,,,,,,,,,,,,,
2023-07-22,,,,,,,,,,,,,,,,,
2023-07-23,,,,,,,,,,,,,,,,,
2023-07-24,,,,,,,,,,,,,,,,내부회계 고도화 진행,
2023-07-25,,,,,,,,,,,,,,,,,
2023-07-26,,,,,,,,,,,,,,,,,
2023-07-27,,,,,,,,,,,,,,,,,
2023-07-28,,,,,,,,,,,,,,,,,
2023-07-29,,,,,,,,,,,,,,,,,
2023-07-30,,,,,,,,,,,,,,,,,
2023-07-31,,,,,,,,,,,,,,,,,
2023-08-01,,,,,,,,,,,,,새만금 세계스카우트 잼버리 개최,,,,
2023-08-02,,,,,,,,,,,,,,,,,
2023-08-03,,,피치 美등급 강등으로 미국 부채위기 급부상,,,,,"그리스, 아크로폴리스 하루2만명 입장 제한",,,,,,,,,
2023-08-04,,,,,,,,,,,,,,,,,
2023-08-05,,,,,,,,,,,,,,,,,
2023-08-06,,,,,,,,,,,,,,,,,
2023-08-07,,,,,,,,,,,,,,,,"유럽1사업부 조직개편 (유럽1,2팀 →유럽1팀 통합)",
2023-08-08,,,,,,,,,,,,,,,,,
2023-08-09,,,,"하와이, 마우이섬 대형 산불 피해",,,,,,,,,,,,,
2023-08-10,,,,,,,,,,,,자국민 한국 단체여행 허용,,,,,
2023-08-11,,,,,,,,,,,,,,,,,
2023-08-12,,,,,,,,,,,,,,,,,
2023-08-13,,,,,,,,,,,,,,,,,
2023-08-14,,,,,,,,,,,,,,,,,
2023-08-15,,,,,,,,,,,,,,,,,
2023-08-16,,,,,,,,,,,,,,,,,
2023-08-17,,,,,,,,,,,,,,,,,
2023-08-18,,,,,,,,,,,,,,,,,
2023-08-19,,,,,,,,,,,,,,,,,
2023-08-20,,,,,,,,,,,,,,,,,
2023-08-21,,,,,,,,,,,,,,,,,
2023-08-22,,,,,,,,,,,,,,,,,
2023-08-23,,,,,,,,,,,,,,,,,
2023-08-24,,,,,,,,,후쿠시마 오염수 방류,,,,,,,,
2023-08-25,,,,,,,,,,,,,,,,,
2023-08-26,,,,,,,,,,,,,,,,,
2023-08-27,,,,,,,,,,,,,,,,,
2023-08-28,,,,,,,,,,,,,,,,,
2023-08-29,,,,,,,,,,,입국자 코로나 신속항원검사 의무 해제,,,,,,
2023-08-30,,,,,,,,,,,,,,,,,
2023-08-31,,,,,,,,,,,,,,,,,
2023-09-01,,,,,,,,,,,,,,,,,
2023-09-02,,,,,,,,,,,,,,,,,
2023-09-03,,,,,,,,,,,,,,,,,
2023-09-04,,,,,,,,,,,,,,,,,
2023-09-05,,,,,,,,,,,,,,,,,
2023-09-06,,,,,,,,,,,,,,,,,
2023-09-07,,,,,,,,,,,,,,,,,
2023-09-08,,,,,,,"모로코, 대지진 피해",,,,,,,,,,
2023-09-09,,,,,,,,,,,,,,,,,
2023-09-10,,,,,,,"리비아, 대홍수 피해",,,,,,,,,,
2023-09-11,,,,,,,"리비아 대홍수(데르나), 사망·실종 2만명 이상",,,,,,,,,,
2023-09-12,,,,,,,,,,,,,,,,,
2023-09-13,,,,,,,,,,,,,,,,올해의브랜드 대상수상,
2023-09-14,,,,,,,,,,,,,,,,,
2023-09-15,,,,,,,,,,,,,,,,,
2023-09-16,,,,,,,,,,,,,,,,,
2023-09-17,,,,,,,,,,,,,,,,,
2023-09-18,,,,,,,,,,,,,,,,기부여행 기획전진행,
2023-09-19,,,,,,,,,,,,,,,,,
2023-09-20,,,,,,,,,,,외국인 관광객 비자 신청절차 간소화,,,,,플로깅 봉사활동 환경보호 캠페인,
2023-09-21,,,,,,,,,,,,,,,,,
2023-09-22,,,,,,,,,,,,,,,,MBN 독박투어 방송 제작지원,
2023-09-23,,,,,,,,,,,항저우 아시안게임 개최,,,,,,
2023-09-24,,,,,,,,,,,,,,,,,
2023-09-25,,,,,,,,,,,,,,,,,
2023-09-26,,,,,,,,,,,,,,,,,
2023-09-27,,,,,,,,,,,,,,,,,
2023-09-28,,,,,,,,,,,,,,,,,
2023-09-29,,,,,,,,,,,,,,,,,
2023-09-30,,,,,,,,,,,,,,,,,
2023-10-01,,,,,,,,,,,,,,,,,
2023-10-02,,,,,,,,,,,,,,,,,
2023-10-03,,,,,,,,,,,,,,,,,
2023-10-04,,,,,,,,,,,,,,,,,
2023-10-05,,,,,,,,,,,,,,,,,
2023-10-06,,,,,,,,,,,,,,,,,
2023-10-07,,,,,,,"하마스, 이스라엘 기습공격으로 전쟁 발발",,,,,,,,,,
2023-10-08,,,,,,,,,,,,,,,,,
2023-10-09,,,,,,,,,,,,,,,,제 5회 같이가요 서울여행 진행,
2023-10-10,,,,,,,,,,,,,,,,,
2023-10-11,,,,,,,,,,,,,,,,,
2023-10-12,,,,,,,,,,,,,,,,,
2023-10-13,,,,,,,,,,,,,,,,코엑스 트래블쇼 참가,
2023-10-14,,,,,,,,,,,,,,,,,
2023-10-15,,,,,,,,,,,,,,,,,
2023-10-16,,,,,,,,,,,,,,,,,
2023-10-17,,,,,,,,,,,,,,,,,
2023-10-18,,,,,,,,,,,,,,,,,
2023-10-19,,,,,,,,,,,,,,,,,
2023-10-20,,,,,,,,,,,,,,,,,
2023-10-21,,,,,,,,,,,,,,,,,
2023-10-22,,,,,,,,,,,,,,,,,
2023-10-23,,,,,,,,,,,,,,,,,
2023-10-24,,,,,,,,,,,,,,,,,
2023-10-25,,,,,,,,,,,,,,,,,
2023-10-26,,,,,,,,,,,,,,,,,
2023-10-27,,,,,,,,,,,,,,,,,
2023-10-28,,,,,,,,,,,,,,,,,
2023-10-29,,,,,,,,,,,,,,,,,
2023-10-30,,,,,,,,,,,,,,,,,
2023-10-31,,,,,,,,,,,,,,,,,
2023-11-01,,,,,,,,,,,,,,,,,
2023-11-02,,,,,,,,,,,,,,,,,
2023-11-03,,,,,,,,,,,,,,,,,
2023-11-04,,,,,,,,,,,,,,,,,
2023-11-05,,,,,,,,,,,,,,,,,
2023-11-06,,,,,,,,,,,,,,,,,
2023-11-07,,,,,,,,,,,,,,,,,
2023-11-08,,,,,,,,,,,,,,,,,
2023-11-09,,,,,,,,,,,,,,,,,
2023-11-10,,,,,,,,,,,,,,,,,
2023-11-11,,,,,,,,,,,,,,,,,
2023-11-12,,,,,,,,,,,,,,,,,
2023-11-13,,,,,,,,,,,,,,,,,
2023-11-14,,,,,,,,,,,,,,,,13기 공채 해외연수 진행,
2023-11-15,,,,,,,,,,,,,,,,,
2023-11-16,,,,,,,,,,,,,,,,,
2023-11-17,,,,,,,,,,,,,,,,함계해요 노랑스테이 진행,
2023-11-18,,,,,,,,,,,,,,,,,
2023-11-19,,,,,,,,,,,,,,,,,
2023-11-20,,,,,,,,,,,,,,,,,
2023-11-21,,,,,,,,,,,,,,,,,
2023-11-22,,,,,,,,,,,,,,,,,
2023-11-23,,,,,,,,,,,,,,,,,
2023-11-24,,,,,,,,,,,,,,,,,
2023-11-25,,,,,,,,,,,,,,,,,
2023-11-26,,,,,,,,,,,,,,,,,
2023-11-27,,,,,,,,,,,,,,,,,
2023-11-28,,,,,,,,,,,,,,,,,
2023-11-29,,,,,,,,,,,,,,,,,
2023-11-30,,,,,,,,,,,,,,,,,
2023-12-01,,,,,,,,,,,,,,,,,
2023-12-02,,,,,,,,,,,,,,,,,
2023-12-03,,,,,,,,,,,,,,,,,
2023-12-04,,,,,,,,,,,,,,,,,
2023-12-05,,,,,,,,,,,,,,,,,
2023-12-06,,,,,,,,,,,,,,,,,
2023-12-07,,,,,,,,,,,,,,,,,
2023-12-08,,,,,,,,,,,,,,,,,
2023-12-09,,,,,,,,,,,,,,,,,
2023-12-10,,,,,,,,,,,,,,,,,
2023-12-11,,,,,,,,,,,,,,,,,
2023-12-12,,,,,,,,,,,,,,,,,
2023-12-13,,,,,,,,,,,,,,,,,
2023-12-14,,,,,,,,,,,,,,,,,
2023-12-15,,,,,,,,,,,,,,,,,
2023-12-16,,,,,,,,,,,,,,,,,
2023-12-17,,,,,,,,,,,,,,,,,
2023-12-18,,,,,,,,,,,,,,,,,
2023-12-19,,,,,,,,,,,,,,,,,
2023-12-20,,,,,,,,,,,,,,,,,
2023-12-21,,,,,,,,,,,,,,,,,
2023-12-22,,,,,,,,,,,,,,,,,
2023-12-23,,,,,,,,,,,,,,,,,
2023-12-24,,,,,,,,,,,,,,,,,
2023-12-25,,,,,,,,,,,,,,,,,
2023-12-26,,,,,,,,,,,,,,,,,
2023-12-27,,,,,,,,,,,,,,,,,
2023-12-28,,,,,,,,,,,,,,,,,
2023-12-29,,,,,,,,,,,,,,,,,
2023-12-30,,,,,,,,,,,,,,,,,
2023-12-31,,,,,,,,,,,,,,,,,
2024-01-01,,,,,,,,,,,,,,,,,
2024-01-02,,,,,,,,,,,,,,,,,
2024-01-03,,,,,,,,,,하네다공항 활주로 사고,,,,,,,
2024-01-04,,,,,,,,,,,,,,,,,
2024-01-05,,,"알래스카항공 보잉737 맥스9 비상구 패널 이탈, 전세계 맥스9 운항중단",,,,,,,,,,,,,,
2024-01-06,,,,,,,,,,,,,,,,,
2024-01-07,,,,,,,,,,,,,,,,,
2024-01-08,,,,,,,,,,,,,,,,,
2024-01-09,,,,,,,,,,,,,,,,,
2024-01-10,,,,,,,,,,,,,,,,,
2024-01-11,,,"괌, 한국 관광객 총격 사상",,,,,,,,,,,,,,
2024-01-12,,,,,,,"EU, KE-OZ 합병 최종 승인",,,,,,,,,,
2024-01-13,,,,,,,,,,,,,,,,,
2024-01-14,,,,,,,,,,,,,,,,,
2024-01-15,,,,,,,,,,,,,,,,,
2024-01-16,,,,,,,,,,,,,,,,,
2024-01-17,,,,,,,,,,,,,,,,,
2024-01-18,,,,,,,,,,,,,,,,,
2024-01-19,,,,,,,,,,,,,,,,,
2024-01-20,,,,,,,,,,,,,,,,,
2024-01-21,,,,,,,,,,,,,,,,,
2024-01-22,,,,,,,,,,,,,,,,,
2024-01-23,,,민간 탐사선 세계최초 달 착륙,,,,,,,,,,,,,,
2024-01-24,,,,,,,,,,,,,,,,,
2024-01-25,,,,,,,,,,,,,,,,,
2024-01-26,,,,,,,,,,,,,,,,,
2024-01-27,,,,,,,,,,,,,,,,,
2024-01-28,,,,,,,,,,,,,,,,,
2024-01-29,,,,,,,,,,,,,,,,,
2024-01-30,,,,,,,,,,,,,,,,,
2024-01-31,,,,,,,,,,,,,,,,,
2024-02-01,,,,,,,,,,,,,,,,,
2024-02-02,,,,,,,,,,후지산 입산료 인상,,,,,,,
2024-02-03,,,,,,,,,,,,,,,,,
2024-02-04,,,,,,,,,,,,,,,,,
2024-02-05,,,,,,,,,,,,,,,,,
2024-02-06,,,,,,,,,,,,,,,,,
2024-02-07,,,,,,,,,,,,,,,,,
2024-02-08,,,,,,,,,,,,,,,,,
2024-02-09,,,,,,,,,,,,,,,,,
2024-02-10,,,,,,,,,,,,,,,,,
2024-02-11,,,,,,,,,,,,,,,,,
2024-02-12,,,,,,,,,,,,,,,,,
2024-02-13,,,,,,,,,,,,,,,,,
2024-02-14,,,,,,,,,,,,,,여행가는 달 캠페인(2/20~/3/31),,,
2024-02-15,,,,,,,,,,,,,,,,,
2024-02-16,,,,,,,,,,,,,,,,,
2024-02-17,,,,,,,,,,,,,,,,,
2024-02-18,,,,,,,,,,,,,,,,,
2024-02-19,,,,,,,,,,,,,전공의 의료파업,,,,
2024-02-20,,,,,,,,,,,,,,,,,
2024-02-21,,,,,,,,,,,,,,,,,
2024-02-22,,,,,,,,,닛케이지수 사상 최고치,,,,,,,,
2024-02-23,,,,,,,,,,,,,,,,롯데타임빌라스 팝업스토어 오픈,
2024-02-24,,,,,,,,,,,,,,,,,
2024-02-25,,,,,,,,,,,,,,,,,
2024-02-26,,,,,,,,,,,,,,,,PC기부행사 행복 드림 진행,
2024-02-27,,,,,,,,,,,,,,,,,
2024-02-28,,,,,,,,,,,,,,,,,
2024-02-29,,,,,,,,,,,,,,,,,
2024-03-01,,,,,,,,,,,,,,,,,
2024-03-02,,,,,,,,,,,,,,,,,
2024-03-03,,,,,,,,,,,,,"피치, 한국 국가신용등급 AA- 유지",,,,
2024-03-04,,,,,,,,,,,,,,,,상반기 채용 연계형 인턴채용,
2024-03-05,,,,,,,,,,,,,,,,,
2024-03-06,,,,,,,,,,,,,,,,,
2024-03-07,,,,,,,"스웨덴, NATO 회원국 공식가입",,,,,,,,,,
2024-03-08,,,,,,"호주, 산호초 대규모 백화현상",,,,,,비자면제 대상 국가 확대 (한국제외),,,,,
2024-03-09,,,,,,,,,,,,,,,,,
2024-03-10,,,,,,,,,,,,,,,,,
2024-03-11,,,,,,,,,,,,,,,,,
2024-03-12,,,,,,,,,,,,,,,,,
2024-03-13,,,,,,,,,,,,,,,,,
2024-03-14,,,,,,,,,,,,,,,,,
2024-03-15,,,,,,,,,,,,,,,,,
2024-03-16,,,,,,,,,,,,,,,,,
2024-03-17,,,,,,,,,후쿠시마 오염수 해양방류,,,,,,,,
2024-03-18,,,,,,,,,,,,,,,,,
2024-03-19,,,,,,,,,17년 만 금리인상,,,,,,,,
2024-03-20,,,,,,,,,치사율 30% 전염병 확산세,,"홍콩, 신국가보안법 통과",,,,,,
2024-03-21,,,,,,,,,,,,,,,,,
2024-03-22,,,,,,,,,,,,,,,,,
2024-03-23,,,,,,,,,,,,,,,,,
2024-03-24,,,,,,,,,,,,,,,,,
2024-03-25,,,,,,,"러, 모스크마 공연장 테러 발생",,,,,,,,,,
2024-03-26,,,,,,,,,,,,,,,,,
2024-03-27,,,,,,,,,,,,,,,,,
2024-03-28,,,,,,,,,,,,,,,,,
2024-03-29,,,,,,,,,,,,,,,,,
2024-03-30,,,,,,,,,,,,,,,,,
2024-03-31,,,,,,,,,,,,,,,,,
2024-04-01,,,,,,,,,,,,,,,,,
2024-04-02,,,,,,,,,,,,,,,,,
2024-04-03,,,,,,,,,,,"대만, 화롄시 규모 7.4 지진",,,,,,
2024-04-04,,,,,,,,,,,,,,하나투어/여기어때 매각 본격화,,,
2024-04-05,,,,,,,,,,,,,,,,,
2024-04-06,,,,,,,,,,,,,,,,,
2024-04-07,,,,,,,,,,,,,,,,,
2024-04-08,,,,,,,,,,,,,,,,,
2024-04-09,,,,,,,,,,,,,,,,,
2024-04-10,,,,,,,,,,,,,,,,,
2024-04-11,,,,,,,,,,,,,,,,,
2024-04-12,,,,,,,,,,,,,,,,,
2024-04-13,,,,,,,,,,,,,,,,,
2024-04-14,,,,,,,,,,,,,,,,,
2024-04-15,,,,,,,,,,,,,,,,,
2024-04-16,,,,,,,,,,,,,,,,,
2024-04-17,,,,,,,"두바이, 이례적 폭우로 공항침수",,,,,,,,,,
2024-04-18,,,,,,,,,,,,,,,,,
2024-04-19,,,,,,,,,,,,,,,,,
2024-04-20,,,,,,,,,,,,,,,,,
2024-04-21,,,,,,,,,,,,,,,,,
2024-04-22,,,,,,,"이탈리아, 베네치아 일일 여행객 입장료 징수",,,,,,,,,,
2024-04-23,,,,,,,,,,,,,,,,,
2024-04-24,,,,,,,,,,,,,,,,,
2024-04-25,,,,,,,,,,,,,,,,,
2024-04-26,,,,,,,,,,,,,,,,,
2024-04-27,,,,,,,,,,,,,,,,,
2024-04-28,,,,,,,,,,,,,,,,,
2024-04-29,,,,,,,,,,,,,,,,,
2024-04-30,,,,,,,,,,,,,,,,,
2024-05-01,,,,,,,,,,,,,,,,,
2024-05-02,,,,,,,,,,,,,,,,,
2024-05-03,,,,,,,,,,,,,,,,,
2024-05-04,,,,,,,,,,,,,,,,,
2024-05-05,,,,,,,,,,,,,,,,,
2024-05-06,,,,,,,,,,,,,,,,,
2024-05-07,,,,,,,"러시아, 푸틴 집권 5기 취임",,,,,,,아시아나 5년만에 공채,,,
2024-05-08,,,,,,,,,,,,,,,,,
2024-05-09,,,,,,,,,,,,,,,,제39회 서울국제관광전,
2024-05-10,,,,,,,,,,,,,,,,,
2024-05-11,,,,,,,,,,,,,,,,,
2024-05-12,파타야 관광객 살해,,,,,,,,,,,,,,,,
2024-05-13,,,,,,,,,,,,,,,,,
2024-05-14,파타야 살해사건 범인 검거,,,,,,,,,,,,,,,,
2024-05-15,,,,,,,,,라인야후 매각 사태 고조,,,,,,,,
2024-05-16,,태국 피피섬 가뭄 심각,,,,,,티웨이 유럽(자그레브) 첫 운항,,,,中쇼핑 강요 여행사 영업정지,,강원도 대설특보,,상반기 채용 연계형 인턴 입사,
2024-05-17,,,,,,,,,,,,,대기업 1분기 영업익 57.1%↑,,,1분기 영업실적 발표,
2024-05-18,,,,,,,,,,,,,,,,,
2024-05-19,,,,,,,,,,,,,,,,,
2024-05-20,,,,,,,"이란 대통령, 헬기추락 사망",,,,중국 남부 폭우/침수,,,코리아 온 스테이지' 시작,,,
2024-05-21,,싱가폴항공 난기류 사고,,,,,,,,,6·18 쇼핑 축제 개막,,,,,,
2024-05-22,,,,,,,헝가리 다뉴브강 유람선 충돌,,,,,,,,,,
2024-05-23,,,,,,,,,,日 오버투어리즘 심각,,,,,,,
2024-05-24,,,,,,,,,,,,,의대 정원 확정,,,,
2024-05-25,,,,,,,,,,,,,,,,,
2024-05-26,,,美 중남부 토네이도,,,,,카타르항공 난기류,,,,,,YP-KE 인터라인 협정,,,
2024-05-27,,,,,,,,,"北, 日위성발사 통보",,,,韓日中 정상회의,에어프레미아 美 항공권 판매,,,
2024-05-28,,,,,,,,,,,,,,"하나투어, 매각 절차 돌입",,,
2024-05-29,,,,,,,,,,,,,"北, 대남전단",출국납부금 인하,,,
2024-05-30,,,,,,,,,,,,,,,,,
2024-05-31,,,,,,,,,,,,,,,,,
2024-06-01,,,,,,,,,,,"中, 달착륙 성공",,"北, 오물풍선 살포",,,,
2024-06-02,,,트럼프 성추문 의혹 유죄,,"몰디브, 이스라엘 입국 금지",,남아공 만델라당 총선 참패,,,,,,,,,,
2024-06-03,,,,,,,,,,,,,,,,,
2024-06-04,,,,,,,,,원전 오염수 6차 방류,,,,,"MD, 모두스테이 파산",,,
2024-06-05,,,"캐나다, 금리 0.25％p↓",,,,,,,,,,"동해, 석유매장 가능성 有",,,,
2024-06-06,,,,,,,,,,,,,,,,,
2024-06-07,,,,,,,"ECB, 금리 0.25％p 인하",,,,,,,,,,
2024-06-08,,,,,,,,,,,,,,,,,
2024-06-09,,,,,,,,,,,,,,,,,
2024-06-10,,,,,,,,,,,,,병원 무기한 휴진,,,,
2024-06-11,,,,,,,,,,,,,,,,,
2024-06-12,,,"美, 기준금리 5.5% 동결",,,,,,,,,,전북 부안 진도 4.8 지진,,아시아나 사이판 운항 중단,,
2024-06-13,,,,,,,,,,,,,,,,,
2024-06-14,,,,,,,,,,,,,,"모두투어, 여권진위확인 API 도입",,,
2024-06-15,,,"美, 캘리포니아 대형 산불",,,,,,,,,,,,,,
2024-06-16,,,,,,,,,,,,,,,,,
2024-06-17,,,,,,,그리스 폭염..관광객 사망/실종,,,,"中, MLF 금리 10개월째 동결",,,"TW, 항공기 결함 잇달아",,,
2024-06-18,,,,,,,,,,,"中, 요소 수출 중단",,"푸틴, 中/北 순차 방문",,,,
2024-06-19,,,,,,,북-러 상호 군사지원 협상 체결,,,,,,,,,,
2024-06-20,,,,,,,,,,,,,,,,,
2024-06-21,,,,,,,"英, 금리 7연속 동결",,,,"中,LPR 3.45% 동결",,,"국토부, TW 전수조사 명령",,,
2024-06-22,,,,,,,,,,,,,,,,,
2024-06-23,,,,,,,,,,,,,,,,,
2024-06-24,,,,,,,,,,,,,,,,,
2024-06-25,,,,,,,,,,,,,,"여행이지, 프리미엄 시장 공략",,,
2024-06-26,,,,,,,,,,,,,,,,,
2024-06-27,,,,,,,파리 하계올림픽 개막,,,,,,,,,,
2024-06-28,,,,,,,,,,,,,동년기대비 소상공인 빛 변제율 74%↑,,,,
2024-06-29,,,"美, 바이든 후보교체론 심화",,,,,,,,,,,"참좋은, 유람선 참사 유족 29.9억 배상판결",,,
2024-06-30,,,,,,,,,,,,,,아시아나 사이판 운항 중단,,,
2024-07-01,,,美 동부 허리케인 '베릴' 북상,,,,"프랑스 총선, 극우 압승",,"日, 역대급 슈퍼엔저",,,,시청역 역주행 사고,,,,
2024-07-02,,,,,,,,,,,,,,11개 항공사 특별안점점검 돌입,,,
2024-07-03,,,탄소국경세 도입 검토,,,,,,,,,,,,,,
2024-07-04,,,,,,,中발 전기차 추가관세 부가,,,,,,"韓, 요일제 공휴일' 도입 검토",,,,
2024-07-05,,,,,,,,,,,,,,,,,
2024-07-06,,,,,,,,,,,,,,,,,
2024-07-07,,,,,,,,,,,,,,,,,
2024-07-08,,,바이든 후보 사퇴 논란,,,,,,,,,,,"위메프, 대금 정산 지연",,,
2024-07-09,,,,,,,,,"日, 닛케이지수 또 사상 최고",,,,,,,,
2024-07-10,,,,,,,,,,,,,,,,,
2024-07-11,,,"美, 6월 소비자물가 3.0%",,,,"獨, 5G망서 中 부품 제거",,,,EU발 무역장벽 조사 실시,,"한은, 기준금리 동결",,,,
2024-07-12,,,,,,,파리 센강 수질 논란,,,,,,,,,,
2024-07-13,,,,,,,,,,,,,,,,,
2024-07-14,,,트럼프 피격사건,,,,"BTS 진, 파리올림픽 성화 봉송",,,,,,,,,,
2024-07-15,,,,,,,,,,,"中, 경제성장률 주춤",,띠장마 특별재난지역 선포,,,,
2024-07-16,,,,,,,,,,,,,"24년 최저임금 10,030원",,,,
2024-07-17,,,,,,,,,,,,,전공의 1만여명 사직 불가피,,,,
2024-07-18,,,,,,,,,,,,,전국적 폭우,"하나투어, AI 상담 서비스 론칭",,,
2024-07-19,,,,,,,,,,,,,,,,,
2024-07-20,,,,,,,,,,,,,,"MS IT대란, 항공시스템 마비",,,
2024-07-21,,,"美, 바이든 대선 후보 사퇴",,,,,,,,,,,,,,
2024-07-22,,,해리스 부통령 대통령 지지,,,,,,,,,,,"티몬, 대금 정산 지연",,,
2024-07-23,,,,,,,,,,,,,,"여행사, 티메프 발 상품 취소",,,
2024-07-24,,,,,,,,,,,,,,티메프 사태 공중파 뉴스보도,,,
2024-07-25,,,,,,,,,,,,,,,,,
2024-07-26,,,,,,,프랑스 올림픽 개막,,,,,,,,,,
2024-07-27,,,,,,,,,,,,,,,,,
2024-07-28,,,,,,,,,,,,,,"큐텐, 티메프에 700억 지원",,,
2024-07-29,,,,,,,,,,,"中華, 태풍 '개미' 10명 사망",,,티메프 기업 회생 신청서 제출,,,
2024-07-30,,,,,,,,,,,,,,"法, 티메프에 보전처분 명령",,,
2024-07-31,,,"美, 5.5% 기준금리 동결",,,,"하마스 하니예, 이란서 암살",,"日, 금리 0.1% → 0.25% ↑",,,,,"YP 오슬로행, 기체결함 회항",,,
2024-08-01,,,,,,,,,,,,,"검찰, 티메프 압수수색",,코로나 재확산 조짐,,
2024-08-02,,,"美, 실업률 4.3%, 3년만에 최고",,,,,,,,,,,,,,
2024-08-03,,,,,,,"우크라이나, 러시아 진격",,,,,,,,,,
2024-08-04,,,,,,,,,,,,,,,,,
2024-08-05,,,,,,,,,,,,,,,,,
2024-08-06,,,"브라질 항공기 추락, 전원사망",,,,"이란, 이스라엘 보복 예고",,닛케이지수 4400엔 폭락,,,,,코스피 9% 코스닥 11% 폭락,,"정부, 티메프 환불 지원",
2024-08-07,,,,,,,,,,,,,,,,,
2024-08-08,,,,,,,,,,,,,,PG사 여행상품 환불 보류,,,
2024-08-09,,,,,,,,,"日, 난카이 대지진 주의보",,,,"구영배, 티몬-위메프 합병 돌입",,,,
2024-08-10,,,,,,,,,,,,,,,,,
2024-08-11,,,,,,,,,,,,,,,,,
2024-08-12,,,,,,,"하마스, 이스라엘 로켓 발사",,,,,,"티메프, 法에 자구계획안 제출",,,,
2024-08-13,,,,,,,"우크라이나, 러시아 영토 점령",,,,,,,,"WHO, 엠폭스 백신 긴급 수배",,
2024-08-14,,,美. 7월 CPI 3년만에 최저,,,,,,"日, 난카이 대지진 주의보 해제",,,,,,,TOP PICK 론칭,
2024-08-15,,,,,,,,,,,,,,,,,
2024-08-16,,,,,,,,,,,,,,,,,
2024-08-17,"필리핀, 韓 관광객 흉기 부상",,,,,,,,,,,,,,,,
2024-08-18,,,,,,,,,,,,,,,,,
2024-08-19,,,,,,,,,,,,,,,,,
2024-08-20,,,"美, 우크라 무기제한 허용 준비",,,,"우크라, 모스크바 공격 감행",,,,,,,여행사 상반기 실적 발표,,,
2024-08-21,,,"美, 고용증가폭 하향조정",,,,,,,,,,부천 호텔 화재 사건,,,,
2024-08-22,,,,,,,"스페인 안도라, 통행세 검토",,,,,,,,,,
2024-08-23,,,"fed 의장, 美금리인하 공식화",,,,,,,,,,,,,,
2024-08-24,"푸켓, 산사태 사망자 속출",,,,,,,,,,,,,,,,
2024-08-25,,,,,,,,,,,,,나라·가계부채 3천조 원 돌파,,,,
2024-08-26,,,,,,,,,,,"中 내수비상, 시내 면세점 ↑",,"내년도 예산 677조, '짠물 예산'",,,,
2024-08-27,,,,,,,,,,,,,,강원 동해시 규모 2.2 지진,,,
2024-08-28,,,,,,,,,"10호 태풍 산산, 日 접근中",,,,"2분기 출생수, 8년 만에 반등",,,,
2024-08-29,,,美 2Q 경제성장률 3.0%로 상향,,,,"프, 텔레그램 CEO 영장 발부",,,,,,,,,,
2024-08-30,,,"美, 7월 PCE물가 전년동기 2.5%",,,,유로존 물가상승률 최저,,"10호 태풍 산산, 시코쿠 동진",,,,,"KE, 국산 SAF 적용 노선 운항",,,
2024-08-31,,,,,,,,,,,,,,,,,
2024-09-01,,,,,,,,,"태풍 '산산', 혼슈 향해 북상",,,,,,,14기 공채 해외연수,
2024-09-02,"南인도, 폭우로 도시 40% 수몰",,,,,,,,,,,,,국군의 날(10.1) 임시공휴일,,,
2024-09-03,,,,,,,,,,,,,"합참, 北 오물풍선 다시 부양",,,,
2024-09-04,,,,,,,,,,,,,,,,,
2024-09-05,,,"美, 8월 고용폭 예상치 하회",,,,,,,,,,한일정상회담 개최,,,,
2024-09-06,,,,,,,,,,,,,,,,,
2024-09-07,,,"美, 금리인하 기대감 하락",,,,,,,,태풍 '야기' 중국 하이난 강타,,,,,,
2024-09-08,,,,,,,,,,,,,,,,,
2024-09-09,태풍 '야기' 베트남 인명재해多,,,,,,,,"日, 기준금리 인상 → 엔화 상승",,,,,제주 관광객 1000만 돌파 임박,,,
2024-09-10,"태풍 야기, 하노이 일부 침수",,,,,,,,,,,,,"8월, 국제선 여객수 역대 2nd",,,
2024-09-11,,,,,,,"우크라, 러 수도 모스크바 타격",,,,,,"韓, 서울 사상 첫 9월 폭염경보",,,"法, 티메프 회생절차 개시 결정",
2024-09-12,,,,,,,,,,,,,,"MT, 회원정보 유출 늦장대응",,,
2024-09-13,태풍 '야기' 하롱베이 초토화,,,,,,,,,,,,,,,,
2024-09-14,,,,,,,,,,,,,,,"역대급 폭염, 추석 '폭염경보'",,
2024-09-15,,,,,,,,,,,,,"금통위원, 물가 2% 수렴 자신",,,,
2024-09-16,,,트럼프 겨냥 두번째 암살시도,,,,,,,"태풍 '버빙카', 中 상하이 강타",,,,,,,
2024-09-17,,,,,,,,,,,,,,,"WHO, 엠폭스 위기상황 재선포",,
2024-09-18,,,,,,,,,,,,,"추석 연휴, 제주 관광객 22만",,"北, 단거리 탄도미사일 도발",,
2024-09-19,,,,,,,"AF, SAF 노선 운임 10% 인상",,,,,,,,"AF, SAF 노선 운임 10% 인상",,
2024-09-20,,,"美, 금리 0.5%p 인하",,,,,,,,,,,,,,
2024-09-21,,,,,,,,,,,,,충청·전남 지역 기록적 폭우,,,,
2024-09-22,,,"美, 빅컷 → 경기침체 조짐",,,,,,,,,,,오물풍선에 항공 이착륙 연착,,,
2024-09-23,,,,,,,,,,,,,4Q 電요금 동결..연내 인상 가능,,,,
2024-09-24,,,,,,,"이스라엘, 헤즈볼라 공습",,,,,,,,,,
2024-09-25,,,,,,,,,,,,,,"北, 풍선에 공항 20차례 중단",,옐로LIVE 첫방송,
2024-09-26,,,"美, 2Q GDP 3% 성장세",,,,헤즈볼라 사령관 표적 사살,,,,,,,,,,
2024-09-27,,,"美, PCE 물가 전년대비 2.2%↑",,,,헤즈볼라 수장 공습으로 사망,,"日, 원전 오염수 9차 방류",,,,,,,,
2024-09-28,,,,,,,,,,,,,,,,,
2024-09-29,,,"美, 남동부 허리케인 강타",,,,,,,,,,,,,,
2024-09-30,,,,,,,,,,,,,,"LCC, 부산발 노선 50% 증가",,,
2024-10-01,,,,,,,,,,,,,,,,,
2024-10-02,"대만, 강급 태풍 '끄라톤' 상륙",,,,,,"스위스, 빙하 유실 국경 변경",,,,,,,,중동전쟁 → 항공기 우회,,
2024-10-03,,,,,,,,,,,,,,,,,
2024-10-04,,,,,,,중동 긴장 고조에 유가 급등,,,,"EU, 中전기차 관세 최대 45%",,,,,2024 트래블쇼 참가,
2024-10-05,,,,,,,,,,,,,,,,,
2024-10-06,"치앙마이-방콕, 홍수 침수 피해",,,,,,,,,,,,,티메프' 집단분쟁조정 개시,,,
2024-10-07,,,,,,,,,,,,,,,,,
2024-10-08,,,,,,,,,,,"中, EU 관세에 브랜디 반덤핑",,,,,,
2024-10-09,,,,,,,서유럽 허리케인 '커크' 피해,,,,,,,,,,
2024-10-10,,,,,,,,,,,,,,,한강' 노벨문학상 수상,,
2024-10-11,,,,,,,,,,,,,"한은, 기준금리 0.25p% 인하",,25년 추석연휴 항공권 예약↑,,
2024-10-12,,,,,,,,,,,,,,,,,
2024-10-13,,,,,,,,,,,,,,,,,
2024-10-14,,,,,,,,,,,,,,,,,
2024-10-15,,,,,,,,,,,,,,"北, 경의선 연결도로 폭파",,,
2024-10-16,,,"스페이스X, 5차 시험 성공",,,,"이스라엘, 레바논 또 공습",,,,,,,,,임직원 '서울제로줍깅' 캠페인,
2024-10-17,,,,,,,"ECB, 3.5% → 3.25% 금리인하",,,,,,,,,,
2024-10-18,,,,,,,하마스 최고지도자 '신와르' 사망,,,,,,,플라이강원 → 파라타항공,,,
2024-10-19,,,,,,,,,,,,,,"北, 북한군 러시아 파병",,,
2024-10-20,,,,,,,,,,,,,,,,,
2024-10-21,"비엣젯, ICN행에 SAF 첫 사용",,,,,,,,,,,,,,,,
2024-10-22,,,,,,,,,,,"홍콩, 식당/호텔 일회용 플라스틱 사용 금지",,,,,,
2024-10-23,,,"보잉, 3분기 -8조.. 파업 위기",,,,,,,,,,시중은행 예/적금 금리 인하,,,,
2024-10-24,,,,,,,,,,,,,,,,,
2024-10-25,,,,,,,,,,,,,,,,,
2024-10-26,,,,,,,,,,,,,"김천 김밥축제, 관람객 급증 ↑",,,,
2024-10-27,,,,,,,,,,,,,,,,,
2024-10-28,,,,,,,,,,,"한국인, 中서 반간첩법 첫 구속",,,,,,
2024-10-29,,,,,,,"스페인 남동부, 폭우 피해 심각",,,,"EU, 中 전기차 관세 45% 폭탄",,,,,,
2024-10-30,,,,,,,,,"日, 금리인상 예고",,,,"삼성전자, 확정 실적 발표",,,,
2024-10-31,"대만, 태풍 '콩레이' 관통",,,,,,,,,,,"中, 8일부터 韓 관광 무비자 시행",,,,,
2024-11-01,,,,,,,,,,,,,,,,,
2024-11-02,,,,,,,,,,,,,,,,,
2024-11-03,,,,,,,,,,,,,,,,,
2024-11-04,,,,,,,,,,,,,,,,,
2024-11-05,,,美 대선 실시,,,,,,,,,,10월 소비자물가 1.3%,,,,
2024-11-06,,,"美 47대 대통령, 트럼프 당선",,,,,,,,,,,,,,
2024-11-07,,,,,,,,,,,,,,,,YBJ 발족식,
2024-11-08,,,"미 FED, 5% → 4.75% 금리인하",,,,"英, 5% →4.75% 추가인하",,,,,"中, 韓 무비자 시행 (~25.12.31)",,,,대한민국인터넷소통대상 수상,
2024-11-09,,,,,,,,,,,,,,,,,
2024-11-10,,,,,,,스페인 '홍수' → 대규모 시위,,,,,,,,,,
2024-11-11,,,,,,,,로마 트레비분수 공사(~연말),,,,,,,,,
2024-11-12,,,,,,,,,,,,,,,,,
2024-11-13,,,일론머스크 美 정부효율부 수장,,,,,,,,,,"트럼프 충격파, KOSPI 급락",,,,
2024-11-14,,,,,,,,,,,,,,,,,
2024-11-15,,,,,,,,,,,,,,,,APEC 정상회의 개최,
2024-11-16,,,,,,,,,,,,,,,,,
2024-11-17,,,,,,,헤즈볼라 수석대변인 공습 사망,,,,,,,,,,
2024-11-18,"필리핀, 태풍 '만이' 마닐라 강타",,,,,,,,가고시마현 남동 해역 6.0 지진,,,,,,,,
2024-11-19,,,,,,,,,,,,,,,,,
2024-11-20,,,,,,,,,,,,,,,,,
2024-11-21,,,,,,,,,,,,,"北, 해킹 업비트 580억 탈취",,,,
2024-11-22,,,,,,,,"프랑스 폭설, 항공·육상 교통 마비",,,,"中-韓, 무비자 15 → 30일 연장",,,,,
2024-11-23,,,,,,,,,,,,,,,,,
2024-11-24,,,,,,,,,,,,,,,,,
2024-11-25,,,,,,,러-우 확전우려 상승 ↑,,,,,,,,,,
2024-11-26,,,,,,,,,,,,,,,,,
2024-11-27,,,,,,,,,,,,,,전국 폭설로 인한 결항·지연,,,
2024-11-28,,,,,,,,,,,,,"한은, 기준금리 0.25p% 인하",,,,
2024-11-29,,,,,,,,,,,,,,,,,
2024-11-30,,,,,,,,,,,,,,,,,
2024-12-01,,,,,,,,,,"日, 면세 '출국시 환급' 변경",,,,,,,
2024-12-02,,,"美, HBM 수출통제 발표",,,,,,,,,,,KE-OZ 합병 美 최종승인,,,
2024-12-03,,,,,,,,,,,,,"尹, 한국 비상계엄령 선포",,,,
2024-12-04,,,,,,,,,,,,,"尹, 한국 비상계엄령 해지",,,,
2024-12-05,,,,,,,,,,,,,,"TW, 업계최초 구독형 멤버쉽 특허 출시",,,
2024-12-06,,,,,,,,,,,,,,,,,
2024-12-07,,,,,,,,,,,,,"尹, 탄핵소추안 표결",,,,
2024-12-08,,,,,,,"시리아 아사드 정권 붕괴, 54년 독재 종식",,,,,,,,,,
2024-12-09,,,,,,,,,,,,,,,"UN, 연말까지 글로벌 관광시장 완전 회복 예상",,
2024-12-10,,,,,,,,,,,,,"한강, 노벨문학상 수상식",,IATA 25년 수익 전망 상향,,
2024-12-11,,,"美, 소비자물가 2.7% 반등",,,,,,,,,,,K-ETA 한시면제국가 기간 연장,,,
2024-12-12,,,"나스닥, 첫 2만 선 돌파",,,,"ECB, 금리 3연속 0.25％p ↓",,,,,,,,,,
2024-12-13,,,,,,,,,,,,,,,,,
2024-12-14,,,,,,,,,,,,,"尹, 탄핵안 가결",,,,
2024-12-15,,,,,,,,,,,,,,,,,
2024-12-16,,,,,,,,,,,,,,,,,
2024-12-17,,,,,,,,,,,중국 '무비자 환승' 3→10일,,,,,,
2024-12-18,,,"미 FED, 기준금리 0.25%p ↓",,,,,,,,,,,,,,
2024-12-19,,,,,,,,,,,,,,,,,
2024-12-20,,,,,,,,,,,"中, 기준금리 동결",,,,,,
2024-12-21,,,,,,,,,,,,,,,,,
2024-12-22,,,,,,,"로마 트레비 분수, 재개장",,,,,,,,,,
2024-12-23,,,,,,,,,,,,,,,,,
2024-12-24,,,"AA, 美 전역 운행 중단",,,,,,,,,,,,,,
2024-12-25,,,,,,,"카자흐 여객기 추락, 30명 사망",,,,,,,,,,
2024-12-26,,,,,,,,,,,,,,,,,
2024-12-27,,,,,,,,,,,,,한덕수 총리 탄핵소추안 가결,,"원·달러 환율 1,486원 돌파",,
2024-12-28,,,,,,,"러, 오인 격추가 원인..푸틴 사과",,,,,,,,보잉..반년만에 주가 1/3,,
2024-12-29,,,,,,,,,,,,,,"제주항공 참사, 197명 사망",,,
2024-12-30,,,,,,,,,,,,,"尹, 내란혐의 체포영장 청구",,"국토부, 보잉737-800 전수 점검",,
2024-12-31,,,,,,,,,,,,,"한은, 고환율 → 물가 상승 경고",,,,
2025-01-01,,,,,,,,,,,,,,현금영수증 의무 발행 사업,,,
2025-01-02,,,,,,,,,,,,,"尹, 관저 앞 체포 저지 시위",,"제주 관광객 1,300만↑",,
2025-01-03,,,,,,,,,,,,,"尹, 체포영장 집행 → 무산",,"7C, 3월까지 1900편 감축 운항",,
2025-01-04,,,,,,,,,,,,,,,,,
2025-01-05,,,,,,,,,,,,,,,,,
2025-01-06,,,,,,,,,,,,,,B737-800 기종 소비자 불안↑,,,
2025-01-07,,,LA 대형 산불 발생,,,,,,,,"中, 티베트 강진 사망자 126명",,,,,,
2025-01-08,,,,,,,,"英, 전자여행허가(ETA) 시행",,,,,,,,,
2025-01-09,,,,,,,,,,,,,,,,,
2025-01-10,,,,,,,,,,,,,,,,,
2025-01-11,,,,,,,,,,,,,,,,,
2025-01-12,,,,,,,,,,,,,,,,,
2025-01-13,,,,,,,,,"日, 규슈 해역서 규모 6.9 강진",,,,,,,,
2025-01-14,,,,,,,,,,,,,"정부, 27일 임시공휴일 지정",,,,
2025-01-15,,,,,,,,,,,,,"공수처, 尹대통령 체포",,,"여행업, 현금영수증 총액 허용",
2025-01-16,,,,,,,이스라엘·하마스 6주 휴전 합의,,,,,,"한은, 금리 동결 (3.0%)",,"공정위, KE-OZ 합병 승인",,
2025-01-17,,,,,,,,,,,,,,,,,
2025-01-18,,,,,,,,,,,,,서부지법 난입·난동 사건,,,"lcc, 지속가능유 도입 추세",
2025-01-19,,,"美, 틱톡 서비스 강제 종료",,,,,,,,,,,무안공항 폐쇄 연장 (~1/19),,,
2025-01-20,,,트럼프 2기 취임식,,,,,,,,,,,,,,
2025-01-21,,,,,,,,"프, 니스 크루즈 입항 금지",,,,,설 임시공휴일 지정일,,,,
2025-01-22,,,,,,,,,,,,,,,,,
2025-01-23,,,"美, LA 북부 또다른 대형 산불",,,,,,"日, 후쿠시마 규모 5 지진",,,,,,,,
2025-01-24,,,,,,,,,日. 기준금리 0.25% → 0.5%,,,,,,,,
2025-01-25,,,,,,,,,,,"AI 저가 반도체, '딥시크' 공개",,"法, 尹 구속기간 연장 불허",,,,
2025-01-26,,,,,,,,,,,,,,,,,
2025-01-27,,,,,,,,,,,,,,,,사이판 마라톤 상품 출시,
2025-01-28,힌두 축제 '쿰브 멜라' 압사사고,,,,,,,,"日, 도쿄 사이타마현 싱크홀",,,,"에어부산 391편 김해공항 이륙전 화재, 176명 전원 비상탈출(항공기 전손)","BX, 출발 중 항공기 화재",,,
2025-01-29,,,,,,,,,,,,,,"설 연휴, 전국적 폭설",,,
2025-01-30,,,,美 여객기 충돌.. 전원 사망,,,"ECB, 4차례 금리 0.25% 인하",,,,,,,"KE(LJ), 통합 LCC 준비",,,
2025-01-31,인니 수마트라섬 규모 5.8 지진,,,"美, 소형 항공기 도심 추락",,,,,,,,,,,,,
2025-02-01,,,,,,,베를린·퀠린 소녀상 철거추진,,,,,,전국 곳곳 尹 파면·수호 집회,,中발 딥시크 차단 확산,,
2025-02-02,,,"美, 10일부터 캐나다·멕시코 25% 추가 관세",,,,,"산토리니, 주말 지진 200건↑",,,,,,,,,
2025-02-03,태국 미세먼지 기준치 초과,,"美, EU 대상 보편관세 예고",,,,,,,,,,,"BX, 화재 항공기 합동감식",,"세계각국, 딥시크 AI 모델 차단",
2025-02-04,,,美-中 모든 품목 관세 15%,,,,,,,,中-美 품목별 관세 10~15%,,,KE-OZ 마일리지 1:1 전환,,"ZE, 보조배터리 기내 선반 금지",
2025-02-05,,,,,,,,,"日, 북해도 역대 최고 강설",,"USPS, 중국·홍콩발 택배 중단",,,전라권 대설특보,,,
2025-02-06,,,워싱턴주 활주로 여객기 충돌,,,,,,"美, 장기금리 하락에 엔화 ↑",,"USPS, 중국·홍콩발 택배 재개",,,"7C, '보조배터리' 소지 동의",,,
2025-02-07,,,,,,,,,,,하얼빈 동계올림픽 개막,,충주 규모 3.1 지진 발생,,,,
2025-02-08,,,,,,,,,,,,,,,,,
2025-02-09,,,,,,,,,,,,,,,,,
2025-02-10,,,,,,,,,,,,,대전 교사 초등생 피살 사건,,,,
2025-02-11,,,,,,,,,,,"대만, 한파로 다수 사망",,철강·알루미늄 25% 관세,,,,
2025-02-12,,,,,,,,,도쿄 인근 도심서 싱크홀,,,,,,,,
2025-02-13,,,,,,,"브뤼셀 공항, 13일 총파업",,,,,,,,,,
2025-02-14,,,"LA 산불지, 폭우 산사태 경보",,,,,,,,하얼빈 동계 아시안게임 폐막,,,,,,
2025-02-15,,,,,,,,,,,,,,,,,
2025-02-16,,,,,,,,,,,,,,,,,
2025-02-17,,,,,,,,,,,,,,,,,
2025-02-18,,,"美, 자동차 관세 25% 예고",,"호주, 4년만에 금리 0.25% ↓",,,,,,,,,,,,
2025-02-19,,,,,,,,,,,,,,,,,
2025-02-20,,,,,,,,,,"日, 곳곳서 300cm이상 폭설",,,,,,,
2025-02-21,,,,,,,,,,,,,,,,,
2025-02-22,,,,,,,,,,,,,,,,,
2025-02-23,,,,,,,,,,,,,,,,,
2025-02-24,,,,,,,,,"日, 금리 0.25% 인상",,,,,,,,
2025-02-25,,,,,,,,,,,"中, 한한령 해제 기대감 ↑",,"尹, 최종변론","부산발 LJ, 엔진 문제로 회항",,,
2025-02-26,,,,,,,,,,"日, 지자체 숙박세 도입 검토",,,,,,,
2025-02-27,,,,,,,,,,"日 정부, 출국세 인상 검토",,,,"대명소노, TW 인수 계약 체결",,,
2025-02-28,,,,,,,,,,,,,,대한민국 숙박페스타' 개최,,,
2025-03-01,,,,,,,,,,,,,,"교원투어, 인력 감축",,,
2025-03-02,,,,,,,,,,,,,,,,,
2025-03-03,,,,,,,,,"日, 혼슈 산불 6일째 발화중",,,,,,,,
2025-03-04,,,"美, 신규 관세 예정대로 시행",,,,,,,,,,홈플러스 기업회생절차 돌입,,,,
2025-03-05,,,"멕시코, 美에 보복관세 예고",,,,,,,,"대만, 자이시 규모 5.2 지진",,곳곳에서 홈플 상품권 중단,,,칭다오 옐로LIVE,
2025-03-06,,,,,,,,,,,,,,,,,
2025-03-07,,,,,,,,,,,,,,,,,
2025-03-08,,,,,사이판 마라톤 2025 개막,,,,,,,,,,,,
2025-03-09,,,,,,,,,,,,,,"MT, 저가PKG 옵션 강매 논란",,,
2025-03-10,,,,,,,"독일 주요 11개 공항, 전면 파업",,,"中, 美농산품 10%~ 보복관세",,,"尹대통령, 석방 (항고x)",,,"노랑풍선, 오사카 사무소 개소",
2025-03-11,,,,,,,,,,,,,,,,,
2025-03-12,,,,,,,,,,,,,,KE-OZ 산하 LCC 통합 전략발표,,,
2025-03-13,,,,,,,,,,,,,,"7C, 두 달만에 LCC 1위 복귀",,,
2025-03-14,,,,,,,"이탈리아 나폴리, 규모 4.4 지진",,,,,,,,,,
2025-03-15,,,,,,,,,,,,,,,,,
2025-03-16,,,,,,,,,,,,,,,,,
2025-03-17,,,,,,,,,"日, 후지산 입산료 시행 (5/9~)",,,,,,,,
2025-03-18,,,,,,,,,,,,,,제주도 내국인 여행 수요 급감,,,
2025-03-19,"베트남, 호치민 중심 홍역 기승",,,,,,,,,,,,,,,,
2025-03-20,,,"美, 금리동결&경제성장률 하향",,,,,,,,,,연금개혁 합의.. 18년만,,"KE, '프리미엄 이코노미' 도입",,
2025-03-21,,,,,,,,,,,,,산청 산불 발생,,"헌재, 尹 탄핵심판 선고 연기",,
2025-03-22,,,,,,,,,,,,,,,,,
2025-03-23,,,,,,,,,,,,,,"HNT, 1,280만원 PKG 출시",,,
2025-03-24,,,,,,,,,,,,,"예스24,문화상품권 사용 중단",,한덕수 국무총리 탄핵 기각,,
2025-03-25,,,,,,,,,,,,,산불 국가위기경보 '심각',,,,
2025-03-26,,,,,,,,,"日, 서부 각지 산불 발생",,,,,,,,
2025-03-27,,,,,,,,,,,,,"이재명, 2심 무죄판결",,,,
2025-03-28,"미얀마 7.7 강진, 태국 지진 피해",,,,,,,,,,,,,,,,
2025-03-29,,,,,,,,,,,,,,,,,
2025-03-30,,,,,,,,,,,,,,산청 산불 주불 진화 완료,,,
2025-03-31,"미얀마 강진, 사망자 2천명 ↑",,,,,,,,,,,,,,,,
2025-04-01,,,,,,,,,,,,,,,,,
2025-04-02,,,,,,,,,,,,,,,,,
2025-04-03,,,트럼프 상호관세 시행,,,,,,,,,,,,,,
2025-04-04,,,,,,,,,,,,,"헌재, 尹대통령 파면",,,,
2025-04-05,,,,,,,,,,,,,,,,,
2025-04-06,,,,,,,,,,,,,,"하나투어, 빅하투페어 (~4/6)",,,
2025-04-07,,,,,,,,,"엔화, 2년만에 1천원 돌파",,,,,,,,
2025-04-08,,,,,,,,,,,,,,운항중인 LJ 동체 패널 분리,,,
2025-04-09,,,"트럼프, 中관세 125% 상향",,,,"EU, 美대상 25% 추가 관세",,,,"中, 美관세 84% 맞불",,"코스피, 장중 2300선 무너져",,,,
2025-04-10,,,"트럼프, 상호관세 90일 유예",,,,,,,,,,,,,,
2025-04-11,,,,,,,,,,,,,,,,,
2025-04-12,,,,,,,,,,,,,,,,,
2025-04-13,"미얀마, 규모 5.6 지진 발생",,,,,,,,,,,,,,,,
2025-04-14,,,,,,,,,,,,,"尹, 내란혐의 정식 재판",,,,
2025-04-15,,,,,,,,,,,,,,RS 이륙 전 비상구 개방 시도,,,
2025-04-16,,,,,,,,,,,"中, 1분기 경제성장률 5.4%",,,,,,
2025-04-17,,,,,,,"ECB, 5연속 금리인하..2.25%",,,,,,"한은, 기준금리 2.75% 동결",,,싱가포르 옐로LIVE,
2025-04-18,,,,,,,,,나가노현 규모 5.0 지진,,,,SK 유심 정보 유출 사고,,,,
2025-04-19,,,,,,,,,,,,,,,,,
2025-04-20,,,,,,,,,,,,,,,,,
2025-04-21,"필리핀, 韓 관광객 총격 피살",,,,,,프란치스코 교황 선종,,,,,,,,,,
2025-04-22,,,,,,,,,,,,,,,,,
2025-04-23,,,,,,,이스탄불 인근 6.2 규모 지진,,,,,,,,,,
2025-04-24,,,,,,,바티칸 베드로성당 추모행렬,,,,,,,,,,
2025-04-25,,,,,,,,,,,"中, 미국 관세 125% 일부 철회",,,,,,
2025-04-26,,,,,,,,,,,,,,2025 연등축제,,,
2025-04-27,,,,,,,,,일본 쌀값 폭등,,"中, 관광 택스리펀 기준치↓",,,,국제선 유류할증료 인하,,
2025-04-28,,,,,,,,,,,,,,,,,
2025-04-29,,,"트럼프, 車 관세 일부 완화",,,,스페인/포르투갈 대규모 정전,,,,,,,대구 산불 90% 진화,,,
2025-04-30,,,,,,,,,,,,,,"7C, 운수권 배분서 제외",,,
2025-05-01,,,,,,,,"라이언에어, 40분 규정 도입",,,,,,,,,
2025-05-02,,,,,,,,,,,,"유튜버, 패키지서 살해 협박",,,,,
2025-05-03,,,,,,,,,,,,,,,,,
2025-05-04,,,,,,,,,,,,,,,,,
2025-05-05,,,,,,,,,,,,,,,,,
2025-05-06,"대만, 동부 규모 6 지진 발생",,,,,,,,,,,,,,,,
2025-05-07,,,,,,,교황 선출 콘클라베 투표,,,,,,,,,,
2025-05-08,,,美-英 무역협상 타결,,,,,,,,,,,,,,
2025-05-09,,,,,,,,,,,,,,,,,
2025-05-10,,,,,,,레오14세 교황 선출,,,,,,,,,,
2025-05-11,,,"美, 뉴어크 공항 대규모 지연",,,,,,,,,,,,,,
2025-05-12,,,美-中 관세 잠정 인하 합의,,,,,,,,,,,,,,
2025-05-13,,,,,,,,,,,,,,,,,
2025-05-14,,,,,,,,,,,,,,,,,
2025-05-15,,,,,,,,,,,,,,,,노랑 1분기 공시 발표,
2025-05-16,,,,,,,,,,,,,,,,,
2025-05-17,,,,,,,,,,,,,,,,,
2025-05-18,,,,,,,,,,,,,,,,,
2025-05-19,,,,,,,,,,,,,,,,,
2025-05-20,,,,,,,,,,,,,,,,,
2025-05-21,,,,,,,,,,,中·태국·홍콩 등 코로나 확산세,,,,,,
2025-05-22,,,,,,,,,,,,,,"야놀자, 나스닥 상장 준비",,,
2025-05-23,,,,,,,,,"日, 홋카이도 해안 강진",,,,,,,,
2025-05-24,,,,,,,,,"日, 사쿠라지마 화산 활동",,,,,,,"노랑풍선, 제7회 꿈만들기 프로젝트_싱가포르",
2025-05-25,,,,,,,,,,,,,,,,,
2025-05-26,,,,,,,,,,,,,,,,,
2025-05-27,"외교부, 필리핀/캄보디아 여행객 안전조치 강화 요청",,,,,,,,,,,,,,,,
2025-05-28,,,,,,,,,,,"中, 코로나 재확산 조짐 ?",,,대한민국 숙박세일페스타,,,
2025-05-29,,,,,,,,,,,,,"한은, 기준금리 0.25%p 인하",,,,
2025-05-30,,,,,,,,,,,,,,"하나투어, 여행업 최초 밸류업 지수 편입",,,
2025-05-31,,,,,,,,,"日, 홋카이도 해안 강진",,,,,,,,
2025-06-01,,,,,,,,,,,,,,,,,
2025-06-02,,,,,,,,,"日, 홋카이도 해안 강진 잇달아",,,,,,,,
2025-06-03,,,,,,,,,,,,,대한민국 조기대선 임시공휴,,,,
2025-06-04,,,,,,,이탈리아 에트나 화산 분화,,,,,,"이재명, 대통령 당선",,,,
2025-06-05,,,,,,,,,,,,,,,,,
2025-06-06,,,,,,,,,,,,,,,,,
2025-06-07,,,,,,,,,,,,,,,,,
2025-06-08,필리핀 HIV 확산,,,,,,,,,,,,,,,,
2025-06-09,,,콜롬비아 중부 6.4 강진,,,,,,,,,,,,,,
2025-06-10,,,,,,,,,,,,,,,,,
2025-06-11,,,,,,,,,,,"대만, 화롄 남해역 6.4 지진",,,,,,
2025-06-12,,,,,,,,,,,,,,,,,
2025-06-13,,,,,,,,,,,,,,,,,
2025-06-14,,,,,,,,,,,,,,,,,
2025-06-15,,,,,,,바르셀로나 오버투어리즘 시위,,,,,,,,,,
2025-06-16,,,,,,,,,,,,,"李정부, 주 4.5일제 도입 추진",,,,
2025-06-17,,,,,,,,,,,,,,,,,
2025-06-18,,,,,,,,,,,,,,,,,
2025-06-19,,,,,,,,,,,,,,,,,
2025-06-20,,,,,,,,,,,,,,,,,
2025-06-21,,,,,,,,,,,,,,,,,
2025-06-22,,,,,,,,,,,,,,,,,
2025-06-23,,,,,,,"그리스, 관광 크루즈 고객 이용료 부과",,,"日, 가고시마 해역 5.0 지진",,,,,,,
2025-06-24,,,,,,,,,,,,,,티몬 피해자 변제율 0.7%,,,
2025-06-25,,,,,,,,,,,,,,,,,
2025-06-26,,,,,,,,,,,,,,,,,
2025-06-27,,,,,,,,,,,,,,,,,
2025-06-28,,,,,,,,,,,,,,,,,
2025-06-29,,,"美, 동부 40도 육박",,,,,,,,,,,,,,
2025-06-30,,,,,,,볼리비아 일부 지역 여행경보 상향,,,,,,,여행박사 폐업 수순,,,
2025-07-01,,,,,,,,,,,,,,온라인투어 → 여기어때투어 사명 변경,,,
2025-07-02,,,,,,,,,,,,,,,,,
2025-07-03,,,,,,,,,,,,,,"놀유니버스, '인터파크클로벌' 개인정보 유출 사고",,,
2025-07-04,,,,,,,"프랑스, 항공관제사 파업",,,,,,,,,,
2025-07-05,,,,,,,,,,"日, '내가본 미래' 대지진 예언",,,,,,,
2025-07-06,,,,,,,,,,,,,,,,,
2025-07-07,,,,,,,,,,,,,,,,,
2025-07-08,,,,,,,유럽 전역 폭염 확산,,,,,,,,,,
2025-07-09,,,,,,,,,,,,,,,,,
2025-07-10,,,"美, 텍사스 홍수로 피해 多",,,,,,,,,,"한은, 기준금리 2.5% 동결",,,,
2025-07-11,,,,,,,"이탈리아, 나폴리 4.6 지진",,,,,,,,,,
2025-07-12,,,,,,,,,,,,,,,,,
2025-07-13,,,"美, 전역 홍역 기승",,,,,,,,,,,,,,
2025-07-14,,,"美, 애리조나주 흑사병 사망",,,,,,,,,,,,,,
2025-07-15,,,,,,,,,,,,,,,,,
2025-07-16,,,"美, 폭우로 뉴욕 지하철 침수",,,,,,"日, 가고시마현 해역 5.1 지진",,,,,,,,
2025-07-17,,,,,,,,,,,,,,,,,
2025-07-18,,,,,,,,,,,,,,인천공항 상반기 최대 실적,,,
2025-07-19,,,,,,,,,,,,,,,,,
2025-07-20,,,,,,,,,,,,,,,,,
2025-07-21,,,,,,,"러, 캄차카 반도 7.4 강진",,,,,,,,,,
2025-07-22,,,,,,,,,,,,,,,,,
2025-07-23,,,,,,,,,,,,,,,,,
2025-07-24,,,,,,,,,,,,,,,,,
2025-07-25,,,,,,,"러, 극동서 여객기 추락 전원 사망",,,,,,,,,,
2025-07-26,,,,,,,,,,,,,,,,,
2025-07-27,,,,,,,,,,,,,,,,,
2025-07-28,,,,,,,,,,,,,,,,,
2025-07-29,,,,,,,,,,,,,,,,,
2025-07-30,,,,,,,,,,,,,,,,,
2025-07-31,,,,,,,,,,,,,,,,,
2025-08-01,,,,,,,,,,,,,,,,,
2025-08-02,,,,,,,,,,,,,,,,,
2025-08-03,,,,,,,"북유럽, 100년만에 폭염",,,,,,,티웨이 구독상품 판매 중단,,,
2025-08-04,,,,,,,,,,,,,,"파라타항공, 1호기 도입",,,
2025-08-05,,,,,,,,,"日, 군마현 41.8도 최고치 경신",,,,,"신세계, 여행플랫폼 '비아신세계' 론칭",,,
2025-08-06,,,,,,,,,,,,"中, 신장 출렁다리 끊어짐 사고",,,,中관광객 무비자 효과..노랑풍선 상한가,
2025-08-07,,,,,,,,,,오키나와현 해역 6.2 지진,,대만 북동쪽 해역 5.7 지진,,,,,
2025-08-08,"캄보디아, 대학생 사망사건",,,,,,,,,,,,,,,,
2025-08-09,,,,,,,,,,,,,,,,,
2025-08-10,,,,,,,,,,,,,,,,,
2025-08-11,,,,,,,"튀르키예, 서부 6.0 지진",,,"日, 구마모토 폭우로 대피령 발령",,,,,,,
2025-08-12,,,,,,,,,,,,,,,,,
2025-08-13,,,,,,,,,,,,,,,,,
2025-08-14,,,,,,,,,,,,,,,,,
2025-08-15,,,,,,,,,,,,,,,,,
2025-08-16,,,,,,,,,,,,,,,,,
2025-08-17,,,,,,,,,,,,,,,,,
2025-08-18,,,,,,,,,,,,,,,,,
2025-08-19,,,,,,,,,,"日, 도톤보리 화재",,,,"티메프, 여행사 공동 법적 대응",,,
2025-08-20,,,,,,,,,,"日, 태풍 '링링' 규슈 상륙",,,,,,,
2025-08-21,,,,,,,,,,,,,,,,,
2025-08-22,,,,,,,,,,,,,,,,,
2025-08-23,,,,,,,,,,,,,,,,,
2025-08-24,,,,,,,,,,,,,,,,,
2025-08-25,,,,,,,,,,,,,,,,,
2025-08-26,"베트남, 태풍 '가지키' 상륙",,,,,,,,,,,,,,,,
2025-08-27,,,,,,,,,,,,,,,,,
2025-08-28,,,,,,,,,,,,,"한은, 기준금리 2.5% 동결",,,,
2025-08-29,,,,,,,,,,,,,,,,,
2025-08-30,,,,,,,,,,,,,,,,,
2025-08-31,"발리, 반정부 시위 격화",,,,,,,,,,,,,,,,
2025-09-01,,,,,,,,,,,,,,,,노랑풍선 창립 24주년 기념,
2025-09-02,,,,,,,,,,,,,,"KE, 항공우주사업 확대",,,
2025-09-03,,,,,,,,,,,,,,,,,
2025-09-04,,,,,,,,,"日, 태풍 '페이파' 규슈 접근",,,,,"日, 태풍 '페이파' 강릉 영향",,,
2025-09-05,,,"美 앵커리지, 규모 6.0 지진",,,,,,,,,,,,,,
2025-09-06,,,,,,,,,,,,,,,,,
2025-09-07,,,,,,,,,,,"中 단체관광객, 한국 무비자",,,,,,
2025-09-08,,,,,,,,,,,,,,티웨이 → 트리티니 항공 사명 변경,,,
2025-09-09,,,,,,,"그리스 에비아섬, 규모 5.2 지진",,,,,,,,,,
2025-09-10,,,,,,,,,,,,,,,,,
2025-09-11,,,,,,,,,,,,,,,,,
2025-09-12,,,,,,,,,,,,,,,,,
2025-09-13,,,,,,,,,,,,,,,,,
2025-09-14,,,,,,,,,,,,,,,,,
2025-09-15,,,,,,,,,,,,,,,,,
2025-09-16,,,,,,,,,,,,,,한류열풍에 방한 관광객 역대 최대,,,
2025-09-17,,,,,,,,,,,,,,,,,
2025-09-18,,,"미 FED, 기준금리 0.25%p ↓",,,,"프랑스, 긴축 반대 대규모 시위",,,,,,,,,,
2025-09-19,,,,,,,,,,,,,,전국공항노조 19일 총파업,,,
2025-09-20,,,,,,,,,,,,,,,,,
2025-09-21,,,,,,,,,,,,,,,,,
2025-09-22,,,,,,,,,,,,,,모두투어 스테이블코인 결제 MOU 체결,,,
2025-09-23,,,,,,,,,,,"홍콩, 초강력태풍 '라가사' 접근",,,,,,
2025-09-24,,,,,,,,,,,,,,,,,
2025-09-25,,,,,,,,,,,,,,,,,
2025-09-26,,,,,,,,,,,,,,,,,
2025-09-27,,,,,,,,,,,,,,,,,
2025-09-28,,,,,,,,,,,,,,,,,
2025-09-29,"캄보디아, 한국인 관광객 납치",,,,,,튀르키에 5.4 지진,,,,,,,,,,
2025-09-30,,,,,,,,,,,,,,양양-제주 노선 재개항 (파라타항공 첫 운항),,,
2025-10-01,,,"美, 연방정부 셧다운",,,,,,,,,,,,,,
2025-10-02,,,,,,,,,,,,,코스피 3500선 마감,,,,
2025-10-03,,,,,,,,,,,,,,,,,
2025-10-04,,,,,,,,,,,,,,최장기간 추석연휴,,,
2025-10-05,,,,,,,,,,,,,,,,,
2025-10-06,,,,,,,,,,,,,,,,,
2025-10-07,,,,,,,,,,,,,,,,,
2025-10-08,,,,,,,,,,,,,,,,,
2025-10-09,,,,,,,,,,,"中, 쓰촨성 5.4 규모 지진",,,,,,
2025-10-10,,,,,,,,,,,,,,,,,
2025-10-11,,,,,,,,,,,,,,,,,
2025-10-12,,,,,,,"EU, 여행객 지문·얼굴 등록",,,,,,,,,,
2025-10-13,"세부, 규모 5.8 지진 발생",,,멕시코 폭우 홍수피해 多,,,,,,,,,,,,,
2025-10-14,,,,,,,,,,,,,,,,,
2025-10-15,,,,,,,,,,,,,,,,,
2025-10-16,캄보디아 '여행금지' 발령,,,,,,,,,,,,,,,,
2025-10-17,,,,,,,,,,,,,,,,,
2025-10-18,,,,,,,,,,,,,,,,,
2025-10-19,,,,,,,,,,,,,,,,,
2025-10-20,,,,,,,,,,,홍콩 공항 활주로 이탈,,코스피 장중 3800선 돌파,,,,
2025-10-21,,,,,,,,,,,,,,,,,
2025-10-22,,,,,,,,,,,,,,,,,
2025-10-23,동남아 여행 포비아 심리 확산,,,,,,,,,,,,"한은, 기준금리 2.5% 동결",,,,
2025-10-24,,,,,,,,,,,,,,,,,
2025-10-25,,,,,,,,,,,,,,여행박사 11월 말 서비스 종료,,,
2025-10-26,,,,,,,,,,,,,,,,,
2025-10-27,"인도네시아 티모르, 규모 6.2 지진",,,,,,,러-한 직항 재개 논의 중,,,,,코스피 장중 4000선 돌파,,,"노랑풍선, '광복 80년•UN 창립 80주년 기념' 공헌활동 진행",
2025-10-28,,,,,,,"튀르키예, 규모 6.1 지진",,,,,,,,,노랑풍선 기부런 'RUN&LEARN',
2025-10-29,,,"미 FED, 기준금리 0.25%p ↓",,,,,,,,,,韓-美 관세협상 타결,,,,
2025-10-30,,,,MS 서비스장애.. 탑승수속 중단,,,,,,,,,,,,,
2025-10-31,,,,,,,,,,,,,,,,,
2025-11-01,,,,,,,,,,,,,,,,,
2025-11-02,,,,,,,,,,,,,,,서머타임 해제,,
2025-11-03,,,,,,,,,,,,,코스피 장중 4200선 돌파,,,,
2025-11-04,,,,,,,,,,,,,,,,,
2025-11-05,"필리핀, 태풍 '갈매기' 국가재난사태 선포",,,,,,,,,,,,,,,,
2025-11-06,,,,,,,,,,,,,,,,,
2025-11-07,,,"美, 전역 항공편 운항 감축",,,,,,,,,,,,,,
2025-11-08,"태국, 낮 2-5시 주류 전면 금지",,,,,,,,,,,,,,,,
2025-11-09,,,,,,,,,,"中, 대만 침공 시 日 개입의사 밝혀",,,,항공 좌석 공급 과잉 우려,,,
2025-11-10,"필리핀, 대풍 '풍웡' 상륙",,,,,,,,,,,,,,,,
2025-11-11,,,,,,,,,,,,,,,,,
2025-11-12,,,,,,,쿠바 전역 여행유의 발령,,,"日, 외인 출국세·비자수수료 검토",,,,,,,
2025-11-13,,,,,,,,,,,,,,,,대한민국소셜미디어대상 수상,
2025-11-14,,,,,,,,,,,"中, 한일령 韓관광 반사수익",,韓-美 관세협상 최종 합의,,,노랑풍선 3분기 공시,
2025-11-15,,,,,,,,,,,,,,,,,
2025-11-16,,,,,,,,,,,,,,,국적사 실적 줄줄이 부진,,
2025-11-17,,,,,,,,,,,,,,,"파라타, 국제선 첫 취항",,
2025-11-18,,,,,,,,,,,,,,,,,
2025-11-19,,,,,,,,,,,,,,,,,
2025-11-20,,,,,,,,,,,,,,,,,
2025-11-21,,,,,,,,,,,,,,여행사-대리점 표준계약서 제정,,,
2025-11-22,,,,,,,,,,,,,,,,,
2025-11-23,,,,,,,,,,,,,,,,,
2025-11-24,,,,,,,,,,,,,코스피 폭락으로 4000선 이탈,,,,
2025-11-25,,,,,,,,"런던, 관광세 도입 검토",,,,,,,,,
2025-11-26,,,,,,,,,日 구마모토현 내륙 5.7 지진,,홍콩 아파트단지 화재 참사,,,,,,
2025-11-27,,,,,,,,,"도쿄, 숙박세 100% 인상검토",,,,한은 기준금리 2.5% 동결,,,,
2025-11-28,,,"A320 결함, 6000여대 리콜",,,,,,,,,,,,,,
2025-11-29,,,,,,,,,,,,,,,,,
2025-11-30,"인도네시아, 태국 등 홍수 피해",,미-우크라 종전협의,,,,,,,,,,,,,,
2025-12-01,,,,,,,,,,,,,,,,,
2025-12-02,,,,,,,,,,,,,,,,,
2025-12-03,,,,,,,,,,,,,,,,,
2025-12-04,,,,,,,,,,,,,,,,,
2025-12-05,,,,,,,,,,,,,,,,,
2025-12-06,,,,,,,,,,,,,,,,,
2025-12-07,,,,,,,,,,,,,,,,,
2025-12-08,,,,,,,,,"아오모리현, 7.6 강진",,,,,,,,
2025-12-09,,,,,,,,,"아오모리현, 6.4 지진 또 발생",,,,,,,,
2025-12-10,태국-캄보디아 접경지 철수권고,,,"ESTA, SNS 5년치 제출 요구",,,,,일본 출국세 3배 인상 검토,,,,,,,,
2025-12-11,,,기준금리 0.25%p 인하,,,,,,,,"中정부, 일본여행 자제령",,,,,,
2025-12-12,,,,,,,,,,,,,,,,노랑풍선 ccm명예의전당 선정,
2025-12-13,,,,,,,,,,,,,,,,,
2025-12-14,,,,,시드니 본다이해변 총격사건,,,,이시카와현 4 지진 발생,,,,,,,,
2025-12-15,,,,,,,,,,,,,,,,,
2025-12-16,,,,,,,,,,,,,,,,,
2025-12-17,,,,,,,,,,,,,,,,,
2025-12-18,"OZ, 세부 노선 중단",,,,,,,,,,,,,,,,
2025-12-19,,,,,,,,,,,,,,하나투어 여행업 앱테크 출시,,SFG 신화푸드그룹 MOU체결,
2025-12-20,,,,,,,,,,,,,,,,,
2025-12-21,,,,,,,,,,,,,,,,,
2025-12-22,,,,,,,,,,,,,,,,,
2025-12-23,,,,,,,,,,,,,,,,관광의날 은탑훈장 고재경 회장 수상,
2025-12-24,,,,,,,,,,,,,원달러 환율 1480원대 돌파,,,,
2025-12-25,,,,,,,,,,,,,,,,,
2025-12-26,,,,,,,,,,,,,,,,,
2025-12-27,,,,,,,,,,,,,,,,,
2025-12-28,,,,,,,,,"日, 출국세 3배 인상 결정",,,,,,,,
2025-12-29,,,,,,,,,,,,,,,,,
2025-12-30,,,,,,,,,,,,,,,,,
2025-12-31,,,,,,,,,,,,,,,,,
2026-01-01,,,,,,,,,,,,,,,,,
2026-01-02,,,,,,,,,,,,,,,,,
2026-01-03,,,,,,,,,,,,,,,,,
2026-01-04,,,,,,,,,,,,,,,,,
2026-01-05,,,,,,,"그리스, 통신 장애로 항공 전면 중단",,,,,,,,,,
2026-01-06,,,,,,,,,혼슈 시마네현 6.4 지진,,,,,,,,
2026-01-07,,,,,,,유럽 전역 한파/폭설,,,,,,,,,,
2026-01-08,,,,,,,,,,,,,,"OZ, 홍콩행 여객 배터리 화재",,,
2026-01-09,,,,,,,,,,,,,,,,,
2026-01-10,,,,,,,,,,,,,,,,,
2026-01-11,,,,,,,,,,,,,,,,,
2026-01-12,,,,,,,,,,,,,,,,,
2026-01-13,,,,,,,,,,,,,,,,레저 상장기업 브랜드평판 2위,
2026-01-14,,,,,,,,,,,,,"OZ, T2 이전",,,,
2026-01-15,,,,,,,,,,,,,,,,,
2026-01-16,,,,,,,,,,,,,,,,,
2026-01-17,,,,,,,,,,,,,,,,,
2026-01-18,,,,,,,,,,,,,,,,,
2026-01-19,,,,,,,,,,,,,,,,,
2026-01-20,,,,,,,,,,,,,,,,,
2026-01-21,,,,,,,,,,,,,,,,,
2026-01-22,,,,,,,,,,,,,"코스피 5,000 돌파",,,,
2026-01-23,,,,,,,,,,,,,,,,,
2026-01-24,,,,,,,,,,,,,,,,,
2026-01-25,,,,,,,,,,,,,,,,,
2026-01-26,,,,,,,,,,,,,,한진그룹 기내 보조배터리 사용 전면 금지,,,
2026-01-27,,,,,,,,,,,,,"코스닥 1,000포인트 회복",,,,
2026-01-28,,,,,,,,,,,,,,,,,
2026-01-29,,,,,,,,,,,,,,,,,
2026-01-30,,,,,,,,,,,,,제헌절 국가공휴일 지정,,,,
2026-01-31,,,,,,,,,,,,,,,,,
2026-02-01,,,,,,,,,,,,,,,,,
2026-02-02,,,,,,,,,,,,,,,,,
2026-02-03,,,,,,,,,,,,,,,,,
2026-02-04,,,,,,,,,,,,,,,,,
2026-02-05,,,,,,,,,,,,,,,,노랑 공식대리점 여행대금 횡령,
2026-02-06,,,,,,,,,,,,,,,,,
2026-02-07,,,,,,,,,,,,,,,,,
2026-02-08,,,,,,,,,,,,,,,,,
2026-02-09,,,,,,,,,,,,,,,,노랑 대리점 예약 결제 관리 시스템 전면 개선,
2026-02-10,,,,,,,,,,,,,,,,"7C, 1년만에 분기 흑자 전환",
2026-02-11,,,,,,,,,,,,,,,,,
2026-02-12,,,,,,,,,,,,,,,,,
2026-02-13,,,,,,,,,,,,,,"설 연휴, 최대 136만명 출국",,,
2026-02-14,,,,,,,,,,,,,,,,,
2026-02-15,,,,,,,,,,,,,,,,,
2026-02-16,,,,,,,,,,,,,,,,,
2026-02-17,,,,,,,,,,,,,,,,,
2026-02-18,,,,,,,,,,,,,,,,,
2026-02-19,,,,,,,,,,,,,,,,,
2026-02-20,,,,,,,,,,,,,,,,,
2026-02-21,,,,,,,,,,,,,,,,,
2026-02-22,,,,,,,,,,,,,,,,,
2026-02-23,"동남아, 反韓 정서 확대",,,,,,,,,,,,,국내항공사 기내 보조배터리 사용 전면 금지,,,
2026-02-24,,,美 뉴욕·보스턴 폭설로 결항,,,,,,,,,,,,,,
2026-02-25,,,美 동북부 폭설로 90% 결항,,,,,,,,,,,,,,
2026-02-26,,,,,,,,,,,,,,,,,
2026-02-27,,,,,,,,,,,,,,,,,
2026-02-28,,,"미군, 이란 공습",,,,,,,,,,,,,,
2026-03-01,,,,,,,"이란, 호르무즈 해협 봉쇄 경고",,,,,,,,,,
2026-03-02,,,,,,,,,,,,,UAE정부 체류비 부담,,,중동사태대응 TFT결성,
2026-03-03,,,"WTI, 배럴당 80달러대 급등",,,,,,,,,,코스피 매도 사이드카,,,"비상경영체제 전환, 여행객 중동 내 체류",
2026-03-04,,,,,,,"이란, 호르무즈 해협 사실상 봉쇄",,,,,,,,,,
2026-03-05,,,,,,,,,,,,,,,,,
2026-03-06,,,,,,,"UAE 선적, 호르무즈 해협에서 침몰",,,,,,,,,"노랑풍선 중동 여행객 입국 0명, 하나/모두투어 전원 좌석 확보",
2026-03-07,,,"WTI, 배럴당 90달러대 급등",,,,"EU, 중동 동맹 지원으로 전쟁 유럽 확산",,,,,,,,,,
2026-03-08,,,,,,,,,,,,,,,"HNT, 와그 지분 인수",,
2026-03-09,,,"WTI, 배럴당 110달러 돌파",,,,"이란, 차남 모즈타바 최고지도사 선출",,,,,,코스피 매도 사이드카,,,노랑풍선 중동 여행객 전원 귀국,
2026-03-10,,,"WTI, 배럴당 80달러대 급락",,,,"韓 정부, 중동7개국 여행 '철수권고' 상향",,,,,,원달러 환율 1499원 마감,,,,
2026-03-11,,,,,,,,,,,,,석유류 최고가격제 시행 검토,,항공권 유류할증료 급등 조짐,,
2026-03-12,,,,,,,,,,,,,"KE, 인천~두바이 노선 중단",,,,
2026-03-13,,,,,,,,,,,,,,,,,
2026-03-14,,,,,,,,,,,,,,,,,
2026-03-15,,,,,,,,,,,,,,,,,
2026-03-16,,,,,,,,,,,,,,국내항공사 4월 유류 3배 인상 밝혀,,,
2026-03-17,,,,,,,,,,,,,,,,,
2026-03-18,,,,,,,,,,,,,,중동-유럽 여행 줄취소,,,
2026-03-19,,,,,,,,,,,,,,TW 비상경영 돌입,,,
2026-03-20,,,,,,,,,,,,,,,,,
2026-03-21,,,,,,,,,,,,,,,,,
2026-03-22,,,,,,,,,,,,,,,,,
2026-03-23,,,,,,,,,,,,,,"YP, 호놀룰루 비운항",,,
2026-03-24,,,,,,,,,,,,,,,유류할증료 인상 예고로 선발권 러쉬,,
2026-03-25,"비엣젯, 유가 급등으로 결항",,,,,,,,,,,,,"YP, 4-5월 LA 26편 비운항",,,
2026-03-26,,,,,,,,,,,,,,"OZ, 비상경영제체 돌입",,,
2026-03-27,,,,,,,,,이와테현 동해 6.4 지진,,,,,TW/LJ 푸쿠옥 등 일부 비운항,,,
2026-03-28,,,,,,,,,,,,,,,아시아-유럽 노선 유가 최대 560% 급등,,
2026-03-29,,,,,,,,,,,,,,,,,
2026-03-30,,,,,,,,,,,,,,"HNT 노사, 성과급 미지급 갈등",,,
2026-03-31,,,,,,,,,,,,,,,,,
2026-04-01,,,,,,,,,"홋카이도, 숙박세 도입",,,,,,,,
2026-04-02,인도네시아 해역 7.4 지진 발생,,,,,,,,,,,,,,,,
2026-04-03,"발리, 외국인 대상 강력 범죄",,,,,,,,,,,,,항공사 노선 중단 확산,,,
2026-04-04,,,,,,,,,,,,,,,,,
2026-04-05,,,,,,,,,,,,,,,,,
2026-04-06,,,,,,,,,,,,,,,"미국·이란, '휴전 후 종전합의' 2단계 중재안 수령",,
2026-04-07,,,"트럼프, 2주간 이란 공격 중단",,,,,,,,,,,,,,
2026-04-08,,,,,,,,,,,,,제주 강풍 결항,,,,
2026-04-09,,,,,,,,,,,,,,,,,
2026-04-10,,,,,,,,,,,,,,"7C, 동남아 310편 추가 감편",,,
2026-04-11,,,,,,,,,,,,,,,,,
2026-04-12,,,미·이란 첫 종전협상 결렬,,,,,,,,,,,,,,
2026-04-13,,,,,,,,,,,,,,,,,
2026-04-14,,,,,태풍 '실라코' 강타로 줄결항,,,,,,,,,,,,
2026-04-15,,,,,,,,,,,,,,여행사 유류인상 동결 마케팅,,,
2026-04-16,,,,,,,,,,,,,,5월 유류할증료 2배 인상 발표,,,
2026-04-17,,,,,,,,,,,,,,,,,
2026-04-18,,,,,,,호르무즈 조건부 개방,,,,,,,,,,
2026-04-19,,,,,,,,,,,,,,,,,
2026-04-20,,,,,,,,,,,,,,,,,
2026-04-21,,,,,,,,,"혼슈 동해 7,4 지진",,,,LCC 경영안정자금 지원,,,,
2026-04-22,,,,,사이판 한국인 특별항공편 귀국,,,,,,,,"MODE, 자사주 전량 소진",,,,
2026-04-23,,,,,,,,,,,,,,,,,
2026-04-24,,,,,,,,,,,,,,"국토부, 2026 운수권 배분",,"노봉단, 이순신 축제 플로깅 봉사",
2026-04-25,,,,,,,,,,,,,,,,,
2026-04-26,,,,,사이판 태풍 강타로 항공편 중단,,,,,,,,,,,,
2026-04-27,,,,,,,,,,,,,,,,,
2026-04-28,,,,,,,,,,,,,,,,,
2026-04-29,,,,,,,,,,,,,,"MODE, 자사주 전량 현물배당",,,
2026-04-30,,,,,,,,,,,,,,,,,
2026-05-01,,,,,,,,,,,,,,"TW, 객실승무원 무급휴직",,,
2026-05-02,,,,,,,,,,,,,,,,,
2026-05-03,,,,,,,,,,,,,,,,,
2026-05-04,,,,,,,,,,,,,호르무즈 해협서 나무호 피격,,,,
2026-05-05,,,,,,,,,,,,,,,,,
2026-05-06,,,,,,,유럽 크루즈 한타바이러스 집단감염 발생,,,,,,"문체부, 관광업계 융자지원 4375억원으로 확대",,,,
2026-05-07,,,,,,,,,,,,,,,,,
2026-05-08,,,"美- EU, 차 관세 인상 연기",,,,,,,,,,,,,,
2026-05-09,,,,,,,,,,,,,,,,,
2026-05-10,,,,,,,"이란, 미 동맹국 호르무즈 제재",,,,,,,,,,
2026-05-11,,,,,,,,,,,,,,,,,
2026-05-12,,,이란전쟁 후 인플레이션 가속,,,,,,,,,,한미 국방장관 워싱턴 회의,,,,
2026-05-13,,,,,,,,,,,,,,,,,
2026-05-14,,,,,,,,,이와테현 동북 5.0 지진,,"미중 정상, 호르무즈 재개방, 이란 핵무기 반대 동의",,,,,,
2026-05-15,인도네시아 남해 6.2 지진,,,,,,한타바이러스 변이 징후 X,,,,,,,,,,
2026-05-16,,,미중 관세 인하 합의,,,,호르무즈 통헹 체제 유럽 협의,,,,미중 관세 인하 합의,,,,,,
2026-05-17,,,,,,,"이란, 호르무즈 통행료 시사",,,,,,,,,,
2026-05-18,,,"트럼프, 이란 재공격 압박",,,,,,,,,,,,,,
2026-05-19,,,,,,,,,,,,,,국제선 유류 33 → 27단계,,,
2026-05-20,,,,,,,,,,,,,,,,,
2026-05-21,,,,,,,,,,,,,,,,,
2026-05-22,,,,,,,,,,,,,,,,,
2026-05-23,,,,,,,,,,,,,,,,,
2026-05-24,,,,,,,,,,,,,,,,,
2026-05-25,,,,,,,,,,,,,,,,,
2026-05-26,,,,,,,,,,,,,,,,,
2026-05-27,,,,,,,,,,,,,,,,,
2026-05-28,,,,,,,,,,,,,,,,,
2026-05-29,,,,,,,,,,,,,,,,,
2026-05-30,,,,,,,,,,,,,,,,,
2026-05-31,,,,,,,,,,,,,,,,,
2026-06-01,,,,,,,,,,,,,"코스피 8,800선 첫 돌파, 시총 7,000조 돌파",,,,
2026-06-02,,,,,,,,,,,,,"5월, 물가지수 3% 상승",,,,
2026-06-03,,,,,,,"이란, 쿠웨이트 보복공격",,,,,,,,,,
2026-06-04,,,미-이란 협상 결렬,,,,,,,,,,,,"WTI 유가, 다시 96달러 돌파",,
2026-06-05,,,,,,,,,,,,,"코스피 8,000선 붕괴(-5.54%), 브로드컴 쇼크",,,,
2026-06-06,,,,,,,,,,,,,"원달러 환율 1,561원 돌파, 17년만 최고치",,,,
2026-06-07,,,,,,,,,,,,,,,,,
2026-06-08,,,,,,,,,,,,,"코스피 7,500선 붕괴, 서킷브레이커(중동전쟁 재점화)",,,,
2026-06-09,,,,,,,,,,,,,,,,,
2026-06-10,,,,,,,,,,,,,,,,,
2026-06-11,,,,,,,,,,,,,,,"세계은행, 2026 성장률 2.5%로 하향",,
2026-06-12,,,북중미 월드컵 개막,,,,,,,,,,,,,,
2026-06-13,,,美-이란 MOU타결,,,,,,,,,,,,,,
2026-06-14,,,,,,,,,,,,,,,,,
2026-06-15,,,,,,,,,,,,,,,,,
2026-06-16,,,,,,,,,"日銀, 기준금리 1%로 인상(31년만 최고)",,,,,,,,
2026-06-17,,,,,,,,,,,,,,,,,
2026-06-18,,,,,,,,,,,,,코스피 9000선 돌파,,,,
2026-06-19,,,,,,,,,,,,,,,,,
2026-06-20,,,,,,,,,,,,,,,,,
2026-06-21,,,,,,,,,,,,,,,,,
2026-06-22,,,,,,,,,,,,,,,,,
2026-06-23,,,,,,,,,,,,,"코스피 -9.99% 폭락, 서킷브레이커",,,,
2026-06-24,,,,,,,,,,,,,,,,,
2026-06-25,,,,,,,,,,,,,,파라타항공 비상경영체제,,,
2026-06-26,,,,,,,,,,,,,"코스피 -8.18% 폭락, 서킷브레이커(주간 2번째)",,,,
2026-06-27,,,,,,,,,,,,,,,,,
2026-06-28,,,,,,,,,,,,,,,,,
2026-06-29,,,,,,,,,,,,,,하나투어 대표 조좌진 내정,,,
2026-06-30,,,,,,,,,,,,,,,국제유가 배럴당 60달러 하회,,
2026-07-01,,,,,,,,,,,,,,7월 유류할증료 인하,,AI TFT,
2026-07-02,,,,,,,,,,,,,코스피 -7.89% 급락,,,,
2026-07-03,,,,,,,,,,,,,,,,AI환불캘린더 오픈,
2026-07-04,,,,,,,,,,,,,,,,,
2026-07-05,,,,,,,,,,,,,,,,,
2026-07-06,,,,,,,,,,,,,환율 24시간 거래 개장,,,,
2026-07-07,,,,,,,,,,,,,코스피 8천선 붕괴,,,,
2026-07-08,,,"美, 이란에 공습 재개(80개 표적 타격)",,,,,,,,,,"코스피 -5.35%, 매도사이드카(호르무즈 상선 피격)",,,,
2026-07-09,,,,,,,,,,,,,,,,,
2026-07-10,,,,,,,,,,,,,,,,,
2026-07-11,,,,,,,,,,,,,,,,,
2026-07-12,,,"美, 호르무즈서 이란에 추가공습",,,,,,,,,,,,,,
2026-07-13,,,,,,,,,,,,,원달러 환율 1400원 진입,,,,
2026-07-14,,,,,,,,,,,,,,,,,
2026-07-15,,,,,,,,,,,"中 2분기 GDP 4.3%(예상치 하회, 1분기 5.0%서 둔화)",,,,,,
2026-07-16,,,,,,,,,,,,,코스피 7000선 붕괴,,,,
2026-07-17,,,,,,,,,,,,,,8월 유류할증료 하락,,,
2026-07-18,,,,,,,,,,,,,,,,,
2026-07-19,,,,,,,,,,,,,,,,,
2026-07-20,,,,,,,,,,,,,,,,,
2026-07-21,,,,,,,,,,,,,,,,,
2026-07-22,,,,,,,,,,,,,,,,,
2026-07-23,,,미-이란 갈등 재점화,,,,,,,,,,,,국제유가 배럴당 100달러 돌파,,
2026-07-24,,,,,,,,,,,,,,모두투어 비상경영체제 돌입,,,
2026-07-25,,,,,,,,,,,,,,,,,
2026-07-26,,,"이란, 호르무즈서 경고사격…美 공습 2주만에 잠정중단",,,,,,,,,,,,,,
2026-07-27,,,,,,,,,엔화 800원대 재진입,,,,,,,,
2026-07-28,,,,,,,,,,구마모토현 7.1 강진,,,코스피 6000선 붕괴,,,,
2026-07-29,,,,,,,,,,구마모토 활주로 폐쇄,,,,‘스마트 트래블 어워즈’ 최초 론칭,,,
2026-07-30,,,,,,,,,,,,,"코스피 3거래일간 17%대 급등락, 6000선 회복 실패(-1.23%)",,,,
2026-07-31,,,,,,,,,,,,,"코스피 하루만에 +17.91% 급등 반등(6,595 마감)",,,,
2026-08-01,,,,,,,,,,,"中 7월 제조업 PMI, 4개월만에 위축 전환",,,,,,
2026-08-02,,,,,,,,,,,,,"코스피, 8월 첫 거래일 반등세 지속",,,,
2026-08-03,,,,,,,,,,,,,,,,,
2026-08-04,,,,,,,,,,,,,,,,,
2026-08-05,,,,,,,,,,,,,,,호르무즈 해협 재개방 기대감에 국제유가 급락(브렌트·WTI 5%대 하락),,
2026-08-06,,,,,,,,,,,,,,,,,
2026-08-07,,,,,,,,,,,,,,,,,
2026-08-08,,,,,,,,,,,,,,,,,
2026-08-09,,,,,,,,,,,,,,,,,
2026-08-10,,,,,,,,,,,,,,,,,
2026-08-11,,,,,,,,,,,,,,,,,
2026-08-12,,,,,,,,,,,,,,,,,
2026-08-13,,,,,,,,,,,,,,,,,
2026-08-14,,,,,,,,,,,,,,,,,
2026-08-15,,,,,,,,,,,,,,,,,
2026-08-16,,,,,,,,,,,,,,,,,
2026-08-17,,,,,,,,,,,,,,,,,
2026-08-18,,,,,,,,,,,,,,,,,
2026-08-19,,,,,,,,,,,,,,,,,
2026-08-20,,,,,,,,,,,,,,,,,
2026-08-21,,,,,,,,,,,,,,,,,
2026-08-22,,,,,,,,,,,,,,,,,
2026-08-23,,,,,,,,,,,,,,,,,
2026-08-24,,,,,,,,,,,,,,,,,
2026-08-25,,,,,,,,,,,,,,,,,
2026-08-26,,,,,,,,,,,,,,,,,
2026-08-27,,,,,,,,,,,,,,,,,
2026-08-28,,,,,,,,,,,,,,,,,
2026-08-29,,,,,,,,,,,,,,,,,
2026-08-30,,,,,,,,,,,,,,,,,
2026-08-31,,,,,,,,,,,,,,,,,
2026-09-01,,,,,,,,,,,,,,,,,
2026-09-02,,,,,,,,,,,,,,,,,
2026-09-03,,,,,,,,,,,,,,,,,
2026-09-04,,,,,,,,,,,,,,,,,
2026-09-05,,,,,,,,,,,,,,,,,
2026-09-06,,,,,,,,,,,,,,,,,
2026-09-07,,,,,,,,,,,,,,,,,
2026-09-08,,,,,,,,,,,,,,,,,
2026-09-09,,,,,,,,,,,,,,,,,
2026-09-10,,,,,,,,,,,,,,,,,
2026-09-11,,,,,,,,,,,,,,,,,
2026-09-12,,,,,,,,,,,,,,,,,
2026-09-13,,,,,,,,,,,,,,,,,
2026-09-14,,,,,,,,,,,,,,,,,
2026-09-15,,,,,,,,,,,,,,,,,
2026-09-16,,,,,,,,,,,,,,,,,
2026-09-17,,,,,,,,,,,,,,,,,
2026-09-18,,,,,,,,,,,,,,,,,
2026-09-19,,,,,,,,,,,,,,,,,
2026-09-20,,,,,,,,,,,,,,,,,
2026-09-21,,,,,,,,,,,,,,,,,
2026-09-22,,,,,,,,,,,,,,,,,
2026-09-23,,,,,,,,,,,,,,,,,
2026-09-24,,,,,,,,,,,,,,,,,
2026-09-25,,,,,,,,,,,,,,,,,
2026-09-26,,,,,,,,,,,,,,,,,
2026-09-27,,,,,,,,,,,,,,,,,
2026-09-28,,,,,,,,,,,,,,,,,
2026-09-29,,,,,,,,,,,,,,,,,
2026-09-30,,,,,,,,,,,,,,,,,
2026-10-01,,,,,,,,,,,,,,,,,
2026-10-02,,,,,,,,,,,,,,,,,
2026-10-03,,,,,,,,,,,,,,,,,
2026-10-04,,,,,,,,,,,,,,,,,
2026-10-05,,,,,,,,,,,,,,,,,
2026-10-06,,,,,,,,,,,,,,,,,
2026-10-07,,,,,,,,,,,,,,,,,
2026-10-08,,,,,,,,,,,,,,,,,
2026-10-09,,,,,,,,,,,,,,,,,
2026-10-10,,,,,,,,,,,,,,,,,
2026-10-11,,,,,,,,,,,,,,,,,
2026-10-12,,,,,,,,,,,,,,,,,
2026-10-13,,,,,,,,,,,,,,,,,
2026-10-14,,,,,,,,,,,,,,,,,
2026-10-15,,,,,,,,,,,,,,,,,
2026-10-16,,,,,,,,,,,,,,,,,
2026-10-17,,,,,,,,,,,,,,,,,
2026-10-18,,,,,,,,,,,,,,,,,
2026-10-19,,,,,,,,,,,,,,,,,
2026-10-20,,,,,,,,,,,,,,,,,
2026-10-21,,,,,,,,,,,,,,,,,
2026-10-22,,,,,,,,,,,,,,,,,
2026-10-23,,,,,,,,,,,,,,,,,
2026-10-24,,,,,,,,,,,,,,,,,
2026-10-25,,,,,,,,,,,,,,,,,
2026-10-26,,,,,,,,,,,,,,,,,
2026-10-27,,,,,,,,,,,,,,,,,
2026-10-28,,,,,,,,,,,,,,,,,
2026-10-29,,,,,,,,,,,,,,,,,
2026-10-30,,,,,,,,,,,,,,,,,
2026-10-31,,,,,,,,,,,,,,,,,
2026-11-01,,,,,,,,,,,,,,,,,
2026-11-02,,,,,,,,,,,,,,,,,
2026-11-03,,,,,,,,,,,,,,,,,
2026-11-04,,,,,,,,,,,,,,,,,
2026-11-05,,,,,,,,,,,,,,,,,
2026-11-06,,,,,,,,,,,,,,,,,
2026-11-07,,,,,,,,,,,,,,,,,
2026-11-08,,,,,,,,,,,,,,,,,
2026-11-09,,,,,,,,,,,,,,,,,
2026-11-10,,,,,,,,,,,,,,,,,
2026-11-11,,,,,,,,,,,,,,,,,
2026-11-12,,,,,,,,,,,,,,,,,
2026-11-13,,,,,,,,,,,,,,,,,
2026-11-14,,,,,,,,,,,,,,,,,
2026-11-15,,,,,,,,,,,,,,,,,
2026-11-16,,,,,,,,,,,,,,,,,
2026-11-17,,,,,,,,,,,,,,,,,
2026-11-18,,,,,,,,,,,,,,,,,
2026-11-19,,,,,,,,,,,,,,,,,
2026-11-20,,,,,,,,,,,,,,,,,
2026-11-21,,,,,,,,,,,,,,,,,
2026-11-22,,,,,,,,,,,,,,,,,
2026-11-23,,,,,,,,,,,,,,,,,
2026-11-24,,,,,,,,,,,,,,,,,
2026-11-25,,,,,,,,,,,,,,,,,
2026-11-26,,,,,,,,,,,,,,,,,
2026-11-27,,,,,,,,,,,,,,,,,
2026-11-28,,,,,,,,,,,,,,,,,
2026-11-29,,,,,,,,,,,,,,,,,
2026-11-30,,,,,,,,,,,,,,,,,
2026-12-01,,,,,,,,,,,,,,,,,
2026-12-02,,,,,,,,,,,,,,,,,
2026-12-03,,,,,,,,,,,,,,,,,
2026-12-04,,,,,,,,,,,,,,,,,
2026-12-05,,,,,,,,,,,,,,,,,
2026-12-06,,,,,,,,,,,,,,,,,
2026-12-07,,,,,,,,,,,,,,,,,
2026-12-08,,,,,,,,,,,,,,,,,
2026-12-09,,,,,,,,,,,,,,,,,
2026-12-10,,,,,,,,,,,,,,,,,
2026-12-11,,,,,,,,,,,,,,,,,
2026-12-12,,,,,,,,,,,,,,,,,
2026-12-13,,,,,,,,,,,,,,,,,
2026-12-14,,,,,,,,,,,,,,,,,
2026-12-15,,,,,,,,,,,,,,,,,
2026-12-16,,,,,,,,,,,,,,,,,
2026-12-17,,,,,,,,,,,,,,,,,
2026-12-18,,,,,,,,,,,,,,,,,
2026-12-19,,,,,,,,,,,,,,,,,
2026-12-20,,,,,,,,,,,,,,,,,
2026-12-21,,,,,,,,,,,,,,,,,
2026-12-22,,,,,,,,,,,,,,,,,
2026-12-23,,,,,,,,,,,,,,,,,
2026-12-24,,,,,,,,,,,,,,,,,
2026-12-25,,,,,,,,,,,,,,,,,
2026-12-26,,,,,,,,,,,,,,,,,
2026-12-27,,,,,,,,,,,,,,,,,
2026-12-28,,,,,,,,,,,,,,,,,
2026-12-29,,,,,,,,,,,,,,,,,
2026-12-30,,,,,,,,,,,,,,,,,
2026-12-31,,,,,,,,,,,,,,,,,
